"Kernel Name","k_paged_mqa_logits_v6l(const unsigned char *, const unsigned char *, const unsigned char *, const unsigned char *, const __nv_bfloat16 *, const int *, const int *, const int *, float *, int, int, int, int)",
"Address","Source","Warp Stall Sampling (All Samples)","Warp Stall Sampling (Not-issued Samples)","# Samples","Instructions Executed","Thread Instructions Executed","Predicated-On Thread Instructions Executed","Avg. Threads Executed","Avg. Predicated-On Threads Executed","Derivative Avg. Predicated-On Threads Executed","Avg. Predicated-On Threads Unexecuted","Divergent Branches","Address Space","Access Operation","Access Size","L1 Tag Requests Global","L1 Conflicts Shared N-Way","L1 Wavefronts Shared Excessive","L1 Wavefronts Shared","L1 Wavefronts Shared Ideal","L2 Theoretical Sectors Global Excessive","L2 Theoretical Sectors Global","L2 Theoretical Sectors Global Ideal","L2 Explicit Evict Policies","L2 Explicit Hit Policy Evict First","L2 Explicit Hit Policy Evict Last","L2 Explicit Hit Policy Evict Normal","L2 Explicit Hit Policy Evict Normal Demote","L2 Explicit Miss Policy Evict First","L2 Explicit Miss Policy Evict Normal","stall_barrier","stall_branch_resolving","stall_dispatch","stall_drain","stall_lg","stall_long_sb","stall_math","stall_membar","stall_mio","stall_misc","stall_no_inst","stall_not_selected","stall_selected","stall_short_sb","stall_sleep","stall_tex","stall_wait","stall_barrier (Not Issued)","stall_branch_resolving (Not Issued)","stall_dispatch (Not Issued)","stall_drain (Not Issued)","stall_lg (Not Issued)","stall_long_sb (Not Issued)","stall_math (Not Issued)","stall_membar (Not Issued)","stall_mio (Not Issued)","stall_misc (Not Issued)","stall_no_inst (Not Issued)","stall_not_selected (Not Issued)","stall_selected (Not Issued)","stall_short_sb (Not Issued)","stall_sleeping (Not Issued)","stall_tex (Not Issued)","stall_wait (Not Issued)"
"0xd37231e00","      LDC R1, c[0x0][0x37c]","14","11","14","32640","1044480","1044480","32","32","0","0","0","-","-","-","0","0","0","0","0","0","0","0","-","0","0","0","0","0","0","0","0","0","0","0","0","0","0","0","0","13","1","0","0","0","0","0","0","0","0","0","0","0","0","0","0","0","11","0","0","0","0","0","0"
"0xd37231e10","      LDC R5, c[0x0][0x3c8]","4","3","4","32640","1044480","1044480","32","32","0","0","0","-","-","-","0","0","0","0","0","0","0","0","-","0","0","0","0","0","0","0","0","0","0","0","0","0","0","0","0","0","1","0","0","0","0","3","0","0","0","0","0","0","0","0","0","0","0","0","0","0","0","0","3"
"0xd37231e20","      LDCU.64 UR6, c[0x0][0x358]","0","0","0","32640","1044480","1044480","32","32","0","0","0","-","-","-","0","0","0","0","0","0","0","0","-","0","0","0","0","0","0","0","0","0","0","0","0","0","0","0","0","0","0","0","0","0","0","0","0","0","0","0","0","0","0","0","0","0","0","0","0","0","0","0","0"
"0xd37231e30","      LDC.64 R2, c[0x0][0x3b8]","0","0","0","32640","1044480","1044480","32","32","0","0","0","-","-","-","0","0","0","0","0","0","0","0","-","0","0","0","0","0","0","0","0","0","0","0","0","0","0","0","0","0","0","0","0","0","0","0","0","0","0","0","0","0","0","0","0","0","0","0","0","0","0","0","0"
"0xd37231e40","      IMAD.WIDE R2, R5, 0x4, R2","12","6","12","32640","1044480","1044480","32","32","0","0","0","-","-","-","0","0","0","0","0","0","0","0","-","0","0","0","0","0","0","0","0","0","0","0","0","0","0","0","0","0","2","1","9","0","0","0","0","0","0","0","0","0","0","0","0","0","0","0","0","6","0","0","0"
"0xd37231e50","      LDG.E.CONSTANT R0, desc[UR6][R2.64+-0x4]","9","7","9","32640","1044480","1044480","32","32","0","0","0","Global","Load","32","32640","0","0","0","0","0","32640","32640","","0","0","0","0","0","0","0","0","1","0","2","0","0","0","6","0","0","0","0","0","0","0","0","0","0","1","0","2","0","0","0","4","0","0","0","0","0","0","0","0"
"0xd37231e60","      S2UR UR4, SR_CTAID.X","0","0","0","32640","1044480","1044480","32","32","0","0","0","-","-","-","0","0","0","0","0","0","0","0","-","0","0","0","0","0","0","0","0","0","0","0","0","0","0","0","0","0","0","0","0","0","0","0","0","0","0","0","0","0","0","0","0","0","0","0","0","0","0","0","0"
"0xd37231e70","      S2R R11, SR_TID.X","2","2","2","32640","1044480","1044480","32","32","0","0","0","-","-","-","0","0","0","0","0","0","0","0","-","0","0","0","0","0","0","0","0","0","0","0","0","0","0","2","0","0","0","0","0","0","0","0","0","0","0","0","0","0","0","0","2","0","0","0","0","0","0","0","0"
"0xd37231e80","      USHF.L.U32 UR4, UR4, 0x3, URZ","9","6","9","32640","1044480","1044480","32","32","0","0","0","-","-","-","0","0","0","0","0","0","0","0","-","0","0","0","0","0","0","0","0","0","0","0","0","0","0","0","0","0","1","0","8","0","0","0","0","0","0","0","0","0","0","0","0","0","0","0","0","6","0","0","0"
"0xd37231e90","      SHF.R.U32.HI R10, RZ, 0x5, R11","5","2","5","32640","1044480","1044480","32","32","0","0","0","-","-","-","0","0","0","0","0","0","0","0","-","0","0","0","0","0","0","0","0","0","0","0","0","0","0","0","0","0","1","0","4","0","0","0","0","0","0","0","0","0","0","0","0","0","0","0","0","2","0","0","0"
"0xd37231ea0","      LOP3.LUT R5, R10, UR4, RZ, 0xfc, !PT","2","2","2","32640","1044480","1044480","32","32","0","0","0","-","-","-","0","0","0","0","0","0","0","0","-","0","0","0","0","0","0","0","0","0","0","0","0","0","0","0","0","0","0","0","0","0","0","2","0","0","0","0","0","0","0","0","0","0","0","0","0","0","0","0","2"
"0xd37231eb0","      ISETP.GE.AND P0, PT, R5, R0, PT","4","3","4","32640","1044480","1044480","32","32","0","0","0","-","-","-","0","0","0","0","0","0","0","0","-","0","0","0","0","0","0","0","0","0","0","0","1","0","0","0","0","0","0","1","0","0","0","2","0","0","0","0","0","1","0","0","0","0","0","0","0","0","0","0","2"
"0xd37231ec0","      IMAD.WIDE R4, R5, 0x4, R2","0","0","0","32640","1044480","1044480","32","32","0","0","0","-","-","-","0","0","0","0","0","0","0","0","-","0","0","0","0","0","0","0","0","0","0","0","0","0","0","0","0","0","0","0","0","0","0","0","0","0","0","0","0","0","0","0","0","0","0","0","0","0","0","0","0"
"0xd37231ed0","@P0   EXIT","3","2","3","32640","1044480","475680","32","14","18","18","0","-","-","-","0","0","0","0","0","0","0","0","-","0","0","0","0","0","0","0","0","0","0","0","0","0","0","0","0","0","0","0","0","0","0","3","0","0","0","0","0","0","0","0","0","0","0","0","0","0","0","0","2"
"0xd37231ee0","      LDG.E.CONSTANT R0, desc[UR6][R4.64]","4","1","4","17775","568800","568800","32","32","18","0","0","Global","Load","32","17775","0","0","0","0","0","17775","17775","","0","0","0","0","0","0","0","1","0","0","0","0","0","0","1","0","0","0","0","0","0","0","2","0","0","0","0","0","0","0","0","1","0","0","0","0","0","0","0","0"
"0xd37231ef0","      LDC.64 R2, c[0x0][0x3a8]","0","0","0","17775","568800","568800","32","32","0","0","0","-","-","-","0","0","0","0","0","0","0","0","-","0","0","0","0","0","0","0","0","0","0","0","0","0","0","0","0","0","0","0","0","0","0","0","0","0","0","0","0","0","0","0","0","0","0","0","0","0","0","0","0"
"0xd37231f00","      SHF.R.S32.HI R7, RZ, 0x10, R0","213","139","213","17775","568800","568800","32","32","0","0","0","-","-","-","0","0","0","0","0","0","0","0","-","0","0","0","0","0","0","0","0","0","0","0","213","0","0","0","0","0","0","0","0","0","0","0","0","0","0","0","0","139","0","0","0","0","0","0","0","0","0","0","0"
"0xd37231f10","      IMAD.WIDE R2, R7, 0x4, R2","0","0","0","17775","568800","568800","32","32","0","0","0","-","-","-","0","0","0","0","0","0","0","0","-","0","0","0","0","0","0","0","0","0","0","0","0","0","0","0","0","0","0","0","0","0","0","0","0","0","0","0","0","0","0","0","0","0","0","0","0","0","0","0","0"
"0xd37231f20","      LDG.E.CONSTANT R17, desc[UR6][R2.64]","4","2","4","17775","568800","568800","32","32","0","0","0","Global","Load","32","17775","0","0","0","0","0","17775","17775","","0","0","0","0","0","0","0","0","0","0","2","0","0","0","2","0","0","0","0","0","0","0","0","0","0","0","0","2","0","0","0","0","0","0","0","0","0","0","0","0"
"0xd37231f30","      IMAD.SHL.U32 R8, R0, 0x40, RZ","1","0","1","17775","568800","568800","32","32","0","0","0","-","-","-","0","0","0","0","0","0","0","0","-","0","0","0","0","0","0","0","0","0","0","0","0","0","0","0","0","0","0","1","0","0","0","0","0","0","0","0","0","0","0","0","0","0","0","0","0","0","0","0","0"
"0xd37231f40","      LOP3.LUT R8, R8, 0x3fffc0, RZ, 0xc0, !PT","1","1","1","17775","568800","568800","32","32","0","0","0","-","-","-","0","0","0","0","0","0","0","0","-","0","0","0","0","0","0","0","0","0","0","0","0","0","0","0","0","0","0","0","0","0","0","1","0","0","0","0","0","0","0","0","0","0","0","0","0","0","0","0","1"
"0xd37231f50","      ISETP.GT.AND P0, PT, R17, R8, PT","167","131","167","17775","568800","568800","32","32","0","0","0","-","-","-","0","0","0","0","0","0","0","0","-","0","0","0","0","0","0","0","0","0","0","0","165","0","0","0","0","0","0","1","0","0","0","1","0","0","0","0","0","131","0","0","0","0","0","0","0","0","0","0","0"
"0xd37231f60","@!P0  EXIT","2","1","2","17775","568800","0","32","0","32","32","0","-","-","-","0","0","0","0","0","0","0","0","-","0","0","0","0","0","0","0","0","0","0","0","0","0","0","0","0","0","0","0","0","0","0","2","0","0","0","0","0","0","0","0","0","0","0","0","0","0","0","0","1"
"0xd37231f70","      LDCU UR4, c[0x0][0x3d0]","0","0","0","17775","568800","568800","32","32","32","0","0","-","-","-","0","0","0","0","0","0","0","0","-","0","0","0","0","0","0","0","0","0","0","0","0","0","0","0","0","0","0","0","0","0","0","0","0","0","0","0","0","0","0","0","0","0","0","0","0","0","0","0","0"
"0xd37231f80","      LOP3.LUT R2, R0, 0xffff, RZ, 0xc0, !PT","0","0","0","17775","568800","568800","32","32","0","0","0","-","-","-","0","0","0","0","0","0","0","0","-","0","0","0","0","0","0","0","0","0","0","0","0","0","0","0","0","0","0","0","0","0","0","0","0","0","0","0","0","0","0","0","0","0","0","0","0","0","0","0","0"
"0xd37231f90","      MOV R3, RZ","1","0","1","17775","568800","568800","32","32","0","0","0","-","-","-","0","0","0","0","0","0","0","0","-","0","0","0","0","0","0","0","0","0","0","0","0","0","0","0","0","0","0","1","0","0","0","0","0","0","0","0","0","0","0","0","0","0","0","0","0","0","0","0","0"
"0xd37231fa0","      LDCU.64 UR8, c[0x0][0x3b0]","0","0","0","17775","568800","568800","32","32","0","0","0","-","-","-","0","0","0","0","0","0","0","0","-","0","0","0","0","0","0","0","0","0","0","0","0","0","0","0","0","0","0","0","0","0","0","0","0","0","0","0","0","0","0","0","0","0","0","0","0","0","0","0","0"
"0xd37231fb0","      IMAD.WIDE R2, R7, UR4, R2","6","6","6","17775","568800","568800","32","32","0","0","0","-","-","-","0","0","0","0","0","0","0","0","-","0","0","0","0","0","0","0","0","0","0","0","0","0","0","0","0","0","0","0","6","0","0","0","0","0","0","0","0","0","0","0","0","0","0","0","0","6","0","0","0"
"0xd37231fc0","      LEA R4, P0, R2, UR8, 0x2","2","0","2","17775","568800","568800","32","32","0","0","0","-","-","-","0","0","0","0","0","0","0","0","-","0","0","0","0","0","0","0","0","1","0","0","0","0","0","0","0","0","1","0","0","0","0","0","0","0","0","0","0","0","0","0","0","0","0","0","0","0","0","0","0"
"0xd37231fd0","      LEA.HI.X R5, R2, UR9, R3, 0x2, P0","1","0","1","17775","568800","568800","32","32","0","0","0","-","-","-","0","0","0","0","0","0","0","0","-","0","0","0","0","0","0","0","0","0","0","0","0","0","0","0","0","0","1","0","0","0","0","0","0","0","0","0","0","0","0","0","0","0","0","0","0","0","0","0","0"
"0xd37231fe0","      LDC R2, c[0x0][0x3cc]","0","0","0","17775","568800","568800","32","32","0","0","0","-","-","-","0","0","0","0","0","0","0","0","-","0","0","0","0","0","0","0","0","0","0","0","0","0","0","0","0","0","0","0","0","0","0","0","0","0","0","0","0","0","0","0","0","0","0","0","0","0","0","0","0"
"0xd37231ff0","      LDG.E.CONSTANT R19, desc[UR6][R4.64]","3","2","3","17775","568800","568800","32","32","0","0","0","Global","Load","32","17775","0","0","0","0","0","17775","17775","","0","0","0","0","0","0","0","0","0","0","1","0","0","0","1","0","0","1","0","0","0","0","0","0","0","0","0","1","0","0","0","1","0","0","0","0","0","0","0","0"
"0xd37232000","      ISETP.GE.AND P0, PT, R2, 0x1, PT","3","1","3","17775","568800","568800","32","32","0","0","0","-","-","-","0","0","0","0","0","0","0","0","-","0","0","0","0","0","0","0","0","0","0","0","0","0","0","0","0","0","0","1","2","0","0","0","0","0","0","0","0","0","0","0","0","0","0","0","0","1","0","0","0"
"0xd37232010","@!P0  EXIT","1","0","1","17775","568800","0","32","0","32","32","0","-","-","-","0","0","0","0","0","0","0","0","-","0","0","0","0","0","0","0","0","0","0","0","0","0","0","0","0","0","0","0","0","0","0","1","0","0","0","0","0","0","0","0","0","0","0","0","0","0","0","0","0"
"0xd37232020","      S2R R18, SR_CgaCtaId","0","0","0","17775","568800","568800","32","32","32","0","0","-","-","-","0","0","0","0","0","0","0","0","-","0","0","0","0","0","0","0","0","0","0","0","0","0","0","0","0","0","0","0","0","0","0","0","0","0","0","0","0","0","0","0","0","0","0","0","0","0","0","0","0"
"0xd37232030","      LDCU UR5, c[0x0][0x3d4]","0","0","0","17775","568800","568800","32","32","0","0","0","-","-","-","0","0","0","0","0","0","0","0","-","0","0","0","0","0","0","0","0","0","0","0","0","0","0","0","0","0","0","0","0","0","0","0","0","0","0","0","0","0","0","0","0","0","0","0","0","0","0","0","0"
"0xd37232040","      LDC.64 R28, c[0x0][0x390]","0","0","0","17775","568800","568800","32","32","0","0","0","-","-","-","0","0","0","0","0","0","0","0","-","0","0","0","0","0","0","0","0","0","0","0","0","0","0","0","0","0","0","0","0","0","0","0","0","0","0","0","0","0","0","0","0","0","0","0","0","0","0","0","0"
"0xd37232050","      LOP3.LUT R2, R11, 0x1f, RZ, 0xc0, !PT","0","0","0","17775","568800","568800","32","32","0","0","0","-","-","-","0","0","0","0","0","0","0","0","-","0","0","0","0","0","0","0","0","0","0","0","0","0","0","0","0","0","0","0","0","0","0","0","0","0","0","0","0","0","0","0","0","0","0","0","0","0","0","0","0"
"0xd37232060","      LDCU.64 UR8, c[0x0][0x3c0]","0","0","0","17775","568800","568800","32","32","0","0","0","-","-","-","0","0","0","0","0","0","0","0","-","0","0","0","0","0","0","0","0","0","0","0","0","0","0","0","0","0","0","0","0","0","0","0","0","0","0","0","0","0","0","0","0","0","0","0","0","0","0","0","0"
"0xd37232070","      SHF.R.S32.HI R6, RZ, 0x1f, R7","0","0","0","17775","568800","568800","32","32","0","0","0","-","-","-","0","0","0","0","0","0","0","0","-","0","0","0","0","0","0","0","0","0","0","0","0","0","0","0","0","0","0","0","0","0","0","0","0","0","0","0","0","0","0","0","0","0","0","0","0","0","0","0","0"
"0xd37232080","      SHF.R.U32.HI R4, RZ, 0x2, R2","0","0","0","17775","568800","568800","32","32","0","0","0","-","-","-","0","0","0","0","0","0","0","0","-","0","0","0","0","0","0","0","0","0","0","0","0","0","0","0","0","0","0","0","0","0","0","0","0","0","0","0","0","0","0","0","0","0","0","0","0","0","0","0","0"
"0xd37232090","      LDC.64 R12, c[0x0][0x398]","1","0","1","17775","568800","568800","32","32","0","0","0","-","-","-","0","0","0","0","0","0","0","0","-","0","0","0","0","0","0","0","0","0","0","0","0","0","0","0","0","0","0","0","0","0","0","1","0","0","0","0","0","0","0","0","0","0","0","0","0","0","0","0","0"
"0xd372320a0","      MOV R9, RZ","0","0","0","17775","568800","568800","32","32","0","0","0","-","-","-","0","0","0","0","0","0","0","0","-","0","0","0","0","0","0","0","0","0","0","0","0","0","0","0","0","0","0","0","0","0","0","0","0","0","0","0","0","0","0","0","0","0","0","0","0","0","0","0","0"
"0xd372320b0","      LOP3.LUT R3, R11, 0x3, RZ, 0xc0, !PT","0","0","0","17775","568800","568800","32","32","0","0","0","-","-","-","0","0","0","0","0","0","0","0","-","0","0","0","0","0","0","0","0","0","0","0","0","0","0","0","0","0","0","0","0","0","0","0","0","0","0","0","0","0","0","0","0","0","0","0","0","0","0","0","0"
"0xd372320c0","      MOV R5, 0x400","0","0","0","17775","568800","568800","32","32","0","0","0","-","-","-","0","0","0","0","0","0","0","0","-","0","0","0","0","0","0","0","0","0","0","0","0","0","0","0","0","0","0","0","0","0","0","0","0","0","0","0","0","0","0","0","0","0","0","0","0","0","0","0","0"
"0xd372320d0","      MOV R41, RZ","0","0","0","17775","568800","568800","32","32","0","0","0","-","-","-","0","0","0","0","0","0","0","0","-","0","0","0","0","0","0","0","0","0","0","0","0","0","0","0","0","0","0","0","0","0","0","0","0","0","0","0","0","0","0","0","0","0","0","0","0","0","0","0","0"
"0xd372320e0","      MOV R25, RZ","0","0","0","17775","568800","568800","32","32","0","0","0","-","-","-","0","0","0","0","0","0","0","0","-","0","0","0","0","0","0","0","0","0","0","0","0","0","0","0","0","0","0","0","0","0","0","0","0","0","0","0","0","0","0","0","0","0","0","0","0","0","0","0","0"
"0xd372320f0","      IMAD.WIDE.U32 R44, R3, 0x4, RZ","1","0","1","17775","568800","568800","32","32","0","0","0","-","-","-","0","0","0","0","0","0","0","0","-","0","0","0","0","0","0","0","0","0","0","0","0","0","0","0","0","0","0","0","0","0","0","1","0","0","0","0","0","0","0","0","0","0","0","0","0","0","0","0","0"
"0xd37232100","      USHF.R.S32.HI UR4, URZ, 0x1f, UR5","0","0","0","17775","568800","568800","32","32","0","0","0","-","-","-","0","0","0","0","0","0","0","0","-","0","0","0","0","0","0","0","0","0","0","0","0","0","0","0","0","0","0","0","0","0","0","0","0","0","0","0","0","0","0","0","0","0","0","0","0","0","0","0","0"
"0xd37232110","      IADD R16, R5, 0x5000","0","0","0","17775","568800","568800","32","32","0","0","0","-","-","-","0","0","0","0","0","0","0","0","-","0","0","0","0","0","0","0","0","0","0","0","0","0","0","0","0","0","0","0","0","0","0","0","0","0","0","0","0","0","0","0","0","0","0","0","0","0","0","0","0"
"0xd37232120","      IMAD R20, R6, UR5, RZ","1","1","1","17775","568800","568800","32","32","0","0","0","-","-","-","0","0","0","0","0","0","0","0","-","0","0","0","0","0","0","0","0","0","0","0","0","0","0","0","0","0","0","0","0","0","0","1","0","0","0","0","0","0","0","0","0","0","0","0","0","0","0","0","1"
"0xd37232130","      IMAD R6, R4, 0x50, RZ","5","1","5","17775","568800","568800","32","32","0","0","0","-","-","-","0","0","0","0","0","0","0","0","-","0","0","0","0","0","0","0","0","0","0","0","0","3","0","0","0","0","2","0","0","0","0","0","0","0","0","0","0","0","1","0","0","0","0","0","0","0","0","0","0"
"0xd37232140","      IMAD.WIDE.U32 R14, R7, UR5, R8","1","1","1","17775","568800","568800","32","32","0","0","0","-","-","-","0","0","0","0","0","0","0","0","-","0","0","0","0","0","0","0","0","0","0","0","0","0","0","0","0","0","0","0","0","0","0","1","0","0","0","0","0","0","0","0","0","0","0","0","0","0","0","0","1"
"0xd37232150","      IMAD R21, R7, UR4, R20","2","0","2","17775","568800","568800","32","32","0","0","0","-","-","-","0","0","0","0","0","0","0","0","-","0","0","0","0","0","0","0","0","0","0","0","0","1","0","0","0","0","0","0","0","0","0","1","0","0","0","0","0","0","0","0","0","0","0","0","0","0","0","0","0"
"0xd37232160","      LEA R46, P0, R14, UR8, 0x2","1","0","1","17775","568800","568800","32","32","0","0","0","-","-","-","0","0","0","0","0","0","0","0","-","0","0","0","0","0","0","0","0","0","0","0","0","0","0","0","0","0","0","1","0","0","0","0","0","0","0","0","0","0","0","0","0","0","0","0","0","0","0","0","0"
"0xd37232170","      IMAD R31, R3, 0x10, R6","0","0","0","17775","568800","568800","32","32","0","0","0","-","-","-","0","0","0","0","0","0","0","0","-","0","0","0","0","0","0","0","0","0","0","0","0","0","0","0","0","0","0","0","0","0","0","0","0","0","0","0","0","0","0","0","0","0","0","0","0","0","0","0","0"
"0xd37232180","      LEA R7, R18, R5, 0x18","1","0","1","17775","568800","568800","32","32","0","0","0","-","-","-","0","0","0","0","0","0","0","0","-","0","0","0","0","0","0","0","0","0","0","0","0","0","0","0","0","1","0","0","0","0","0","0","0","0","0","0","0","0","0","0","0","0","0","0","0","0","0","0","0"
"0xd37232190","      IMAD.WIDE R28, R19, 0x1000, R28","135","90","135","17775","568800","568800","32","32","0","0","0","-","-","-","0","0","0","0","0","0","0","0","-","0","0","0","0","0","0","0","0","0","0","0","135","0","0","0","0","0","0","0","0","0","0","0","0","0","0","0","0","90","0","0","0","0","0","0","0","0","0","0","0"
"0xd372321a0","      IADD R15, R15, R21","1","0","1","17775","568800","568800","32","32","0","0","0","-","-","-","0","0","0","0","0","0","0","0","-","0","0","0","0","0","0","0","0","0","0","0","0","0","0","0","0","0","0","1","0","0","0","0","0","0","0","0","0","0","0","0","0","0","0","0","0","0","0","0","0"
"0xd372321b0","      LEA R9, R18, R16, 0x18","2","2","2","17775","568800","568800","32","32","0","0","0","-","-","-","0","0","0","0","0","0","0","0","-","0","0","0","0","0","0","0","0","1","0","0","0","1","0","0","0","0","0","0","0","0","0","0","0","0","1","0","0","0","1","0","0","0","0","0","0","0","0","0","0"
"0xd372321c0","      IMAD R40, R4, -0x10, R31","1","0","1","17775","568800","568800","32","32","0","0","0","-","-","-","0","0","0","0","0","0","0","0","-","0","0","0","0","0","0","0","0","0","0","0","0","1","0","0","0","0","0","0","0","0","0","0","0","0","0","0","0","0","0","0","0","0","0","0","0","0","0","0","0"
"0xd372321d0","      IADD R5, R17, -R8","0","0","0","17775","568800","568800","32","32","0","0","0","-","-","-","0","0","0","0","0","0","0","0","-","0","0","0","0","0","0","0","0","0","0","0","0","0","0","0","0","0","0","0","0","0","0","0","0","0","0","0","0","0","0","0","0","0","0","0","0","0","0","0","0"
"0xd372321e0","      LEA.HI.X R47, R14, UR9, R15, 0x2, P0","1","0","1","17775","568800","568800","32","32","0","0","0","-","-","-","0","0","0","0","0","0","0","0","-","0","0","0","0","0","0","0","0","0","0","0","0","1","0","0","0","0","0","0","0","0","0","0","0","0","0","0","0","0","0","0","0","0","0","0","0","0","0","0","0"
"0xd372321f0","      IMAD.WIDE R12, R19, 0x100, R12","0","0","0","17775","568800","568800","32","32","0","0","0","-","-","-","0","0","0","0","0","0","0","0","-","0","0","0","0","0","0","0","0","0","0","0","0","0","0","0","0","0","0","0","0","0","0","0","0","0","0","0","0","0","0","0","0","0","0","0","0","0","0","0","0"
"0xd37232200","      MOV R15, RZ","0","0","0","17775","568800","568800","32","32","0","0","0","-","-","-","0","0","0","0","0","0","0","0","-","0","0","0","0","0","0","0","0","0","0","0","0","0","0","0","0","0","0","0","0","0","0","0","0","0","0","0","0","0","0","0","0","0","0","0","0","0","0","0","0"
"0xd37232210","      IADD R14, R40, 0x200","0","0","0","17775","568800","568800","32","32","0","0","0","-","-","-","0","0","0","0","0","0","0","0","-","0","0","0","0","0","0","0","0","0","0","0","0","0","0","0","0","0","0","0","0","0","0","0","0","0","0","0","0","0","0","0","0","0","0","0","0","0","0","0","0"
"0xd37232220","      MOV R17, RZ","1","0","1","17775","568800","568800","32","32","0","0","0","-","-","-","0","0","0","0","0","0","0","0","-","0","0","0","0","0","0","0","0","0","0","0","0","0","0","0","0","0","0","1","0","0","0","0","0","0","0","0","0","0","0","0","0","0","0","0","0","0","0","0","0"
"0xd37232230","      IMAD.SHL.U32 R16, R2, 0x10, RZ","1","0","1","17775","568800","568800","32","32","0","0","0","-","-","-","0","0","0","0","0","0","0","0","-","0","0","0","0","0","0","0","0","0","0","0","0","0","0","0","0","0","0","1","0","0","0","0","0","0","0","0","0","0","0","0","0","0","0","0","0","0","0","0","0"
"0xd37232240","      IADD.64 R40, R28, R40","1","0","1","17775","568800","568800","32","32","0","0","0","-","-","-","0","0","0","0","0","0","0","0","-","0","0","0","0","0","0","0","0","0","0","0","0","0","0","0","0","0","0","1","0","0","0","0","0","0","0","0","0","0","0","0","0","0","0","0","0","0","0","0","0"
"0xd37232250","      IMAD R7, R10, 0xa00, R7","3","0","3","17775","568800","568800","32","32","0","0","0","-","-","-","0","0","0","0","0","0","0","0","-","0","0","0","0","0","0","0","0","0","0","0","0","1","0","0","0","0","2","0","0","0","0","0","0","0","0","0","0","0","0","0","0","0","0","0","0","0","0","0","0"
"0xd37232260","      IADD.64 R28, R28, R14","3","0","3","17775","568800","568800","32","32","0","0","0","-","-","-","0","0","0","0","0","0","0","0","-","0","0","0","0","0","0","0","0","0","0","0","0","2","0","0","0","0","1","0","0","0","0","0","0","0","0","0","0","0","0","0","0","0","0","0","0","0","0","0","0"
"0xd37232270","      IMAD R8, R10, 0x80, R9","1","0","1","17775","568800","568800","32","32","0","0","0","-","-","-","0","0","0","0","0","0","0","0","-","0","0","0","0","0","0","0","0","0","0","0","0","0","0","0","0","0","0","1","0","0","0","0","0","0","0","0","0","0","0","0","0","0","0","0","0","0","0","0","0"
"0xd37232280","      IADD.64 R26, R12, R16","0","0","0","17775","568800","568800","32","32","0","0","0","-","-","-","0","0","0","0","0","0","0","0","-","0","0","0","0","0","0","0","0","0","0","0","0","0","0","0","0","0","0","0","0","0","0","0","0","0","0","0","0","0","0","0","0","0","0","0","0","0","0","0","0"
"0xd37232290","      IMAD.SHL.U32 R10, R3, 0x2, RZ","0","0","0","17775","568800","568800","32","32","0","0","0","-","-","-","0","0","0","0","0","0","0","0","-","0","0","0","0","0","0","0","0","0","0","0","0","0","0","0","0","0","0","0","0","0","0","0","0","0","0","0","0","0","0","0","0","0","0","0","0","0","0","0","0"
"0xd372322a0","      LOP3.LUT R9, R11, 0x4, RZ, 0xc0, !PT","0","0","0","17775","568800","568800","32","32","0","0","0","-","-","-","0","0","0","0","0","0","0","0","-","0","0","0","0","0","0","0","0","0","0","0","0","0","0","0","0","0","0","0","0","0","0","0","0","0","0","0","0","0","0","0","0","0","0","0","0","0","0","0","0"
"0xd372322b0","      LOP3.LUT R11, R11, 0x1c, RZ, 0xc0, !PT","5","1","5","17775","568800","568800","32","32","0","0","0","-","-","-","0","0","0","0","0","0","0","0","-","0","0","0","0","0","0","0","0","2","0","0","0","1","0","0","0","0","0","1","0","0","0","1","0","0","1","0","0","0","0","0","0","0","0","0","0","0","0","0","0"
"0xd372322c0","      VIMNMX.S32 R24, R5, 0x40, PT","0","0","0","17775","568800","568800","32","32","0","0","0","-","-","-","0","0","0","0","0","0","0","0","-","0","0","0","0","0","0","0","0","0","0","0","0","0","0","0","0","0","0","0","0","0","0","0","0","0","0","0","0","0","0","0","0","0","0","0","0","0","0","0","0"
"0xd372322d0","      IADD R30, R4, R10","0","0","0","17775","568800","568800","32","32","0","0","0","-","-","-","0","0","0","0","0","0","0","0","-","0","0","0","0","0","0","0","0","0","0","0","0","0","0","0","0","0","0","0","0","0","0","0","0","0","0","0","0","0","0","0","0","0","0","0","0","0","0","0","0"
"0xd372322e0","      IADD R31, R31, R7","0","0","0","17775","568800","568800","32","32","0","0","0","-","-","-","0","0","0","0","0","0","0","0","-","0","0","0","0","0","0","0","0","0","0","0","0","0","0","0","0","0","0","0","0","0","0","0","0","0","0","0","0","0","0","0","0","0","0","0","0","0","0","0","0"
"0xd372322f0","      IADD R33, R16, R8","1","0","1","17775","568800","568800","32","32","0","0","0","-","-","-","0","0","0","0","0","0","0","0","-","0","0","0","0","0","0","0","0","1","0","0","0","0","0","0","0","0","0","0","0","0","0","0","0","0","0","0","0","0","0","0","0","0","0","0","0","0","0","0","0"
"0xd37232300","      LDCU UR10, c[0x0][0x3cc]","2","0","2","17775","568800","568800","32","32","0","0","0","-","-","-","0","0","0","0","0","0","0","0","-","0","0","0","0","0","0","0","0","0","0","0","0","0","0","0","0","0","1","0","0","0","0","1","0","0","0","0","0","0","0","0","0","0","0","0","0","0","0","0","0"
"0xd37232310","      IADD R12, R4, R25","0","0","0","17775","568800","568800","32","32","0","0","0","-","-","-","0","0","0","0","0","0","0","0","-","0","0","0","0","0","0","0","0","0","0","0","0","0","0","0","0","0","0","0","0","0","0","0","0","0","0","0","0","0","0","0","0","0","0","0","0","0","0","0","0"
"0xd37232320","      ISETP.NE.U32.AND P6, PT, R3, RZ, PT","0","0","0","17775","568800","568800","32","32","0","0","0","-","-","-","0","0","0","0","0","0","0","0","-","0","0","0","0","0","0","0","0","0","0","0","0","0","0","0","0","0","0","0","0","0","0","0","0","0","0","0","0","0","0","0","0","0","0","0","0","0","0","0","0"
"0xd37232330","      SHF.R.S32.HI R16, RZ, 0x10, R0","2","1","2","17775","568800","568800","32","32","0","0","0","-","-","-","0","0","0","0","0","0","0","0","-","0","0","0","0","0","0","0","0","1","0","0","0","0","0","0","0","0","1","0","0","0","0","0","0","0","0","0","0","0","0","0","0","0","0","1","0","0","0","0","0"
"0xd37232340","      LDCU UR11, c[0x0][0x3cc]","0","0","0","17775","568800","568800","32","32","0","0","0","-","-","-","0","0","0","0","0","0","0","0","-","0","0","0","0","0","0","0","0","0","0","0","0","0","0","0","0","0","0","0","0","0","0","0","0","0","0","0","0","0","0","0","0","0","0","0","0","0","0","0","0"
"0xd37232350","      MOV R13, RZ","0","0","0","17775","568800","568800","32","32","0","0","0","-","-","-","0","0","0","0","0","0","0","0","-","0","0","0","0","0","0","0","0","0","0","0","0","0","0","0","0","0","0","0","0","0","0","0","0","0","0","0","0","0","0","0","0","0","0","0","0","0","0","0","0"
"0xd37232360","      IADD R15, R12, 0x8","0","0","0","17775","568800","568800","32","32","0","0","0","-","-","-","0","0","0","0","0","0","0","0","-","0","0","0","0","0","0","0","0","0","0","0","0","0","0","0","0","0","0","0","0","0","0","0","0","0","0","0","0","0","0","0","0","0","0","0","0","0","0","0","0"
"0xd37232370","      LEA R20, P5, R12, R44, 0x6","3","1","3","17775","568800","568800","32","32","0","0","0","-","-","-","0","0","0","0","0","0","0","0","-","0","0","0","0","0","0","0","0","0","0","0","0","2","0","0","0","0","0","1","0","0","0","0","0","0","0","0","0","0","1","0","0","0","0","0","0","0","0","0","0"
"0xd37232380","      LDCU.64 UR12, c[0x0][0x380]","0","0","0","17775","568800","568800","32","32","0","0","0","-","-","-","0","0","0","0","0","0","0","0","-","0","0","0","0","0","0","0","0","0","0","0","0","0","0","0","0","0","0","0","0","0","0","0","0","0","0","0","0","0","0","0","0","0","0","0","0","0","0","0","0"
"0xd37232390","      ISETP.GT.U32.AND P2, PT, R2, 0x3, PT","1","0","1","17775","568800","568800","32","32","0","0","0","-","-","-","0","0","0","0","0","0","0","0","-","0","0","0","0","0","0","0","0","0","0","0","0","0","0","0","0","0","0","1","0","0","0","0","0","0","0","0","0","0","0","0","0","0","0","0","0","0","0","0","0"
"0xd372323a0","@!PT  LDS RZ, [RZ]","2","2","2","17775","568800","0","32","0","32","32","0","","Load","32","0","0","0","0","0","0","0","0","-","0","0","0","0","0","0","0","0","0","0","0","0","0","0","2","0","0","0","0","0","0","0","0","0","0","0","0","0","0","0","0","2","0","0","0","0","0","0","0","0"
"0xd372323b0","@!PT  LDS RZ, [RZ]","8","2","8","17775","568800","0","32","0","0","32","0","","Load","32","0","0","0","0","0","0","0","0","-","0","0","0","0","0","0","0","0","0","0","0","0","0","0","6","0","0","2","0","0","0","0","0","0","0","0","0","0","0","0","0","2","0","0","0","0","0","0","0","0"
"0xd372323c0","@!PT  LDS RZ, [RZ]","2","1","2","17775","568800","0","32","0","0","32","0","","Load","32","0","0","0","0","0","0","0","0","-","0","0","0","0","0","0","0","0","0","0","0","0","0","0","1","0","0","1","0","0","0","0","0","0","0","0","0","0","0","0","0","1","0","0","0","0","0","0","0","0"
"0xd372323d0","      LDGSTS.E.BYPASS.128 desc[UR6][R40.64], [R31]","4","2","4","17775","568800","568800","32","32","32","0","0","Global,Shared","Load,Store","128","71100","15","195525","266625","71100","142200","426600","284400","","0","0","0","0","0","0","0","0","0","0","0","0","0","0","2","0","0","2","0","0","0","0","0","0","0","0","0","0","0","0","0","2","0","0","0","0","0","0","0","0"
"0xd372323e0","      SEL R14, R12, R15, !P6","0","0","0","17775","568800","568800","32","32","0","0","0","-","-","-","0","0","0","0","0","0","0","0","-","0","0","0","0","0","0","0","0","0","0","0","0","0","0","0","0","0","0","0","0","0","0","0","0","0","0","0","0","0","0","0","0","0","0","0","0","0","0","0","0"
"0xd372323f0","      LDCU.64 UR4, c[0x0][0x3a0]","1","0","1","17775","568800","568800","32","32","0","0","0","-","-","-","0","0","0","0","0","0","0","0","-","0","0","0","0","0","0","0","0","0","0","0","0","0","0","0","0","0","0","1","0","0","0","0","0","0","0","0","0","0","0","0","0","0","0","0","0","0","0","0","0"
"0xd37232400","      LEA.HI.X R21, R12, R45, RZ, 0x6, P5","0","0","0","17775","568800","568800","32","32","0","0","0","-","-","-","0","0","0","0","0","0","0","0","-","0","0","0","0","0","0","0","0","0","0","0","0","0","0","0","0","0","0","0","0","0","0","0","0","0","0","0","0","0","0","0","0","0","0","0","0","0","0","0","0"
"0xd37232410","      LDGSTS.E.BYPASS.128 desc[UR6][R28.64], [R31+0x280]","3","3","3","17775","568800","568800","32","32","0","0","0","Global,Shared","Load,Store","128","71100","15","195525","266625","71100","142200","426600","284400","","0","0","0","0","0","0","0","0","0","0","1","0","0","0","2","0","0","0","0","0","0","0","0","0","0","0","0","1","0","0","0","2","0","0","0","0","0","0","0","0"
"0xd37232420","      LDCU.64 UR8, c[0x0][0x388]","0","0","0","17775","568800","568800","32","32","0","0","0","-","-","-","0","0","0","0","0","0","0","0","-","0","0","0","0","0","0","0","0","0","0","0","0","0","0","0","0","0","0","0","0","0","0","0","0","0","0","0","0","0","0","0","0","0","0","0","0","0","0","0","0"
"0xd37232430","      ISETP.GE.AND P1, PT, R15, UR10, PT","2","0","2","17775","568800","568800","32","32","0","0","0","-","-","-","0","0","0","0","0","0","0","0","-","0","0","0","0","0","0","0","0","0","0","0","0","0","0","0","0","0","0","2","0","0","0","0","0","0","0","0","0","0","0","0","0","0","0","0","0","0","0","0","0"
"0xd37232440","      ISETP.LT.AND P0, PT, R12, UR10, !P6","0","0","0","17775","568800","568800","32","32","0","0","0","-","-","-","0","0","0","0","0","0","0","0","-","0","0","0","0","0","0","0","0","0","0","0","0","0","0","0","0","0","0","0","0","0","0","0","0","0","0","0","0","0","0","0","0","0","0","0","0","0","0","0","0"
"0xd37232450","      ISETP.GE.AND P4, PT, R15, UR10, PT","0","0","0","17775","568800","568800","32","32","0","0","0","-","-","-","0","0","0","0","0","0","0","0","-","0","0","0","0","0","0","0","0","0","0","0","0","0","0","0","0","0","0","0","0","0","0","0","0","0","0","0","0","0","0","0","0","0","0","0","0","0","0","0","0"
"0xd37232460","      MOV R15, RZ","0","0","0","17775","568800","568800","32","32","0","0","0","-","-","-","0","0","0","0","0","0","0","0","-","0","0","0","0","0","0","0","0","0","0","0","0","0","0","0","0","0","0","0","0","0","0","0","0","0","0","0","0","0","0","0","0","0","0","0","0","0","0","0","0"
"0xd37232470","      IMAD.WIDE R16, R16, UR11, RZ","1","0","1","17775","568800","568800","32","32","0","0","0","-","-","-","0","0","0","0","0","0","0","0","-","0","0","0","0","0","0","0","0","0","0","0","0","0","0","0","0","0","0","1","0","0","0","0","0","0","0","0","0","0","0","0","0","0","0","0","0","0","0","0","0"
"0xd37232480","      ISETP.NE.U32.AND P1, PT, R3, RZ, !P1","0","0","0","17775","568800","568800","32","32","0","0","0","-","-","-","0","0","0","0","0","0","0","0","-","0","0","0","0","0","0","0","0","0","0","0","0","0","0","0","0","0","0","0","0","0","0","0","0","0","0","0","0","0","0","0","0","0","0","0","0","0","0","0","0"
"0xd37232490","      ISETP.GE.AND P3, PT, R12, UR10, PT","0","0","0","17775","568800","568800","32","32","0","0","0","-","-","-","0","0","0","0","0","0","0","0","-","0","0","0","0","0","0","0","0","0","0","0","0","0","0","0","0","0","0","0","0","0","0","0","0","0","0","0","0","0","0","0","0","0","0","0","0","0","0","0","0"
"0xd372324a0","@!P2  LDGSTS.E.BYPASS.128 desc[UR6][R26.64], [R33]","4","1","4","17775","568800","71100","32","4","28","28","0","Global,Shared","Load,Store","128","17775","0","0","17489","17489","0","34748","34748","","0","0","0","0","0","0","0","0","0","0","0","0","0","0","2","0","0","1","1","0","0","0","0","0","0","0","0","0","0","0","0","1","0","0","0","0","0","0","0","0"
"0xd372324b0","      IADD.64 R18, R16, R12","4","0","4","17775","568800","568800","32","32","28","0","0","-","-","-","0","0","0","0","0","0","0","0","-","0","0","0","0","0","0","0","0","0","0","0","0","0","0","0","0","0","1","0","0","0","0","3","0","0","0","0","0","0","0","0","0","0","0","0","0","0","0","0","0"
"0xd372324c0","      IADD.64 R14, R16, R14","0","0","0","17775","568800","568800","32","32","0","0","0","-","-","-","0","0","0","0","0","0","0","0","-","0","0","0","0","0","0","0","0","0","0","0","0","0","0","0","0","0","0","0","0","0","0","0","0","0","0","0","0","0","0","0","0","0","0","0","0","0","0","0","0"
"0xd372324d0","      LDGDEPBAR","5","2","5","17775","568800","568800","32","32","0","0","0","-","-","-","0","0","0","0","0","0","0","0","-","0","0","0","0","0","0","0","0","0","0","1","0","0","0","3","0","0","1","0","0","0","0","0","0","0","0","0","0","0","0","0","2","0","0","0","0","0","0","0","0"
"0xd372324e0","      PLOP3.LUT P0, PT, P0, P1, PT, 0xf8, 0x8f","0","0","0","17775","568800","568800","32","32","0","0","0","-","-","-","0","0","0","0","0","0","0","0","-","0","0","0","0","0","0","0","0","0","0","0","0","0","0","0","0","0","0","0","0","0","0","0","0","0","0","0","0","0","0","0","0","0","0","0","0","0","0","0","0"
"0xd372324f0","      LEA R12, P6, R16, UR12, 0x6","1","0","1","17775","568800","568800","32","32","0","0","0","-","-","-","0","0","0","0","0","0","0","0","-","0","0","0","0","0","0","0","0","0","0","0","0","0","0","0","0","0","1","0","0","0","0","0","0","0","0","0","0","0","0","0","0","0","0","0","0","0","0","0","0"
"0xd37232500","      LEA R34, P5, R18, UR4, 0x1","1","0","1","17775","568800","568800","32","32","0","0","0","-","-","-","0","0","0","0","0","0","0","0","-","0","0","0","0","0","0","0","0","0","0","0","0","1","0","0","0","0","0","0","0","0","0","0","0","0","0","0","0","0","0","0","0","0","0","0","0","0","0","0","0"
"0xd37232510","      ISETP.LT.U32.AND P0, PT, R3, 0x2, P0","0","0","0","17775","568800","568800","32","32","0","0","0","-","-","-","0","0","0","0","0","0","0","0","-","0","0","0","0","0","0","0","0","0","0","0","0","0","0","0","0","0","0","0","0","0","0","0","0","0","0","0","0","0","0","0","0","0","0","0","0","0","0","0","0"
"0xd37232520","      LEA R22, P1, R14, UR8, 0x2","1","0","1","17775","568800","568800","32","32","0","0","0","-","-","-","0","0","0","0","0","0","0","0","-","0","0","0","0","0","0","0","0","0","0","0","0","0","0","0","0","0","0","1","0","0","0","0","0","0","0","0","0","0","0","0","0","0","0","0","0","0","0","0","0"
"0xd37232530","      LEA.HI.X R13, R16, UR13, R17, 0x6, P6","0","0","0","17775","568800","568800","32","32","0","0","0","-","-","-","0","0","0","0","0","0","0","0","-","0","0","0","0","0","0","0","0","0","0","0","0","0","0","0","0","0","0","0","0","0","0","0","0","0","0","0","0","0","0","0","0","0","0","0","0","0","0","0","0"
"0xd37232540","      LEA.HI.X R35, R18, UR5, R19, 0x1, P5","6","1","6","17775","568800","568800","32","32","0","0","0","-","-","-","0","0","0","0","0","0","0","0","-","0","0","0","0","0","0","0","0","0","0","0","0","2","0","0","0","0","4","0","0","0","0","0","0","0","0","0","0","0","1","0","0","0","0","0","0","0","0","0","0"
"0xd37232550","      LEA.HI.X R23, R14, UR9, R15, 0x2, P1","2","0","2","17775","568800","568800","32","32","0","0","0","-","-","-","0","0","0","0","0","0","0","0","-","0","0","0","0","0","0","0","0","1","0","0","0","0","0","0","0","0","0","0","0","0","0","1","0","0","0","0","0","0","0","0","0","0","0","0","0","0","0","0","0"
"0xd37232560","      IADD.64 R20, R12, R20","1","0","1","17775","568800","568800","32","32","0","0","0","-","-","-","0","0","0","0","0","0","0","0","-","0","0","0","0","0","0","0","0","0","0","0","0","0","0","0","0","0","0","1","0","0","0","0","0","0","0","0","0","0","0","0","0","0","0","0","0","0","0","0","0"
"0xd37232570","      MOV R12, RZ","0","0","0","17775","568800","568800","32","32","0","0","0","-","-","-","0","0","0","0","0","0","0","0","-","0","0","0","0","0","0","0","0","0","0","0","0","0","0","0","0","0","0","0","0","0","0","0","0","0","0","0","0","0","0","0","0","0","0","0","0","0","0","0","0"
"0xd37232580","      MOV R14, RZ","0","0","0","17775","568800","568800","32","32","0","0","0","-","-","-","0","0","0","0","0","0","0","0","-","0","0","0","0","0","0","0","0","0","0","0","0","0","0","0","0","0","0","0","0","0","0","0","0","0","0","0","0","0","0","0","0","0","0","0","0","0","0","0","0"
"0xd37232590","      CS2R R16, SRZ","0","0","0","17775","568800","568800","32","32","0","0","0","-","-","-","0","0","0","0","0","0","0","0","-","0","0","0","0","0","0","0","0","0","0","0","0","0","0","0","0","0","0","0","0","0","0","0","0","0","0","0","0","0","0","0","0","0","0","0","0","0","0","0","0"
"0xd372325a0","      CS2R R18, SRZ","0","0","0","17775","568800","568800","32","32","0","0","0","-","-","-","0","0","0","0","0","0","0","0","-","0","0","0","0","0","0","0","0","0","0","0","0","0","0","0","0","0","0","0","0","0","0","0","0","0","0","0","0","0","0","0","0","0","0","0","0","0","0","0","0"
"0xd372325b0","      MOV R13, RZ","1","0","1","17775","568800","568800","32","32","0","0","0","-","-","-","0","0","0","0","0","0","0","0","-","0","0","0","0","0","0","0","0","0","0","0","0","0","0","0","0","0","0","1","0","0","0","0","0","0","0","0","0","0","0","0","0","0","0","0","0","0","0","0","0"
"0xd372325c0","      MOV R15, RZ","0","0","0","17775","568800","568800","32","32","0","0","0","-","-","-","0","0","0","0","0","0","0","0","-","0","0","0","0","0","0","0","0","0","0","0","0","0","0","0","0","0","0","0","0","0","0","0","0","0","0","0","0","0","0","0","0","0","0","0","0","0","0","0","0"
"0xd372325d0","@!P3  LDG.E.U16.CONSTANT R37, desc[UR6][R34.64]","6","4","6","17775","568800","568800","32","32","0","0","0","Global","Load","16","17775","0","0","0","0","0","17775","17775","","0","0","0","0","0","0","0","0","0","0","2","0","0","0","3","0","0","0","1","0","0","0","0","0","0","0","0","2","0","0","0","2","0","0","0","0","0","0","0","0"
"0xd372325e0","@!P4  LDG.E.U16.CONSTANT R38, desc[UR6][R34.64+0x10]","6","5","6","17775","568800","0","32","0","32","32","0","","Load","16","0","0","0","0","0","0","0","0","","0","0","0","0","0","0","0","0","0","0","3","0","0","0","3","0","0","0","0","0","0","0","0","0","0","0","0","2","0","0","0","3","0","0","0","0","0","0","0","0"
"0xd372325f0","@P0   LDG.E.U8.CONSTANT R39, desc[UR6][R22.64]","2","2","2","17775","568800","142200","32","8","8","24","0","Global","Load","8","17775","0","0","0","0","0","17775","17775","","0","0","0","0","0","0","0","0","0","0","0","0","0","0","1","0","0","0","0","0","0","0","1","0","0","0","0","0","0","0","0","1","0","0","0","0","0","0","0","1"
"0xd37232600","@P0   LDG.E.U8.CONSTANT R42, desc[UR6][R22.64+0x1]","1","1","1","17775","568800","142200","32","8","0","24","0","Global","Load","8","17775","0","0","0","0","0","17775","17775","","0","0","0","0","0","0","0","0","0","0","0","0","0","0","1","0","0","0","0","0","0","0","0","0","0","0","0","0","0","0","0","1","0","0","0","0","0","0","0","0"
"0xd37232610","@P0   LDG.E.U8.CONSTANT R43, desc[UR6][R22.64+0x2]","3","2","3","17775","568800","142200","32","8","0","24","0","Global","Load","8","17775","0","0","0","0","0","17775","17775","","0","0","0","0","0","0","0","0","0","0","1","0","0","0","2","0","0","0","0","0","0","0","0","0","0","0","0","0","0","0","0","2","0","0","0","0","0","0","0","0"
"0xd37232620","@P0   LDG.E.U8.CONSTANT R48, desc[UR6][R22.64+0x3]","3","1","3","17775","568800","142200","32","8","0","24","0","Global","Load","8","17775","0","0","0","0","0","17775","17775","","0","0","0","0","0","0","0","0","0","0","0","0","0","0","1","0","0","2","0","0","0","0","0","0","0","0","0","0","0","0","0","1","0","0","0","0","0","0","0","0"
"0xd37232630","@!P3  LDG.E.CONSTANT R12, desc[UR6][R20.64]","5","3","5","17775","568800","568800","32","32","24","0","0","Global","Load","32","71100","0","0","0","0","71100","142200","71100","","0","0","0","0","0","0","0","0","0","0","2","0","0","0","1","0","0","1","0","0","0","0","1","0","0","0","0","2","0","0","0","1","0","0","0","0","0","0","0","0"
"0xd37232640","@!P3  LDG.E.CONSTANT R14, desc[UR6][R20.64+0x10]","1","1","1","17775","568800","568800","32","32","0","0","0","Global","Load","32","71100","0","0","0","0","71100","142200","71100","","0","0","0","0","0","0","0","0","0","0","1","0","0","0","0","0","0","0","0","0","0","0","0","0","0","0","0","1","0","0","0","0","0","0","0","0","0","0","0","0"
"0xd37232650","@!P3  LDG.E.CONSTANT R16, desc[UR6][R20.64+0x20]","2","1","2","17775","568800","568800","32","32","0","0","0","Global","Load","32","71100","0","0","0","0","71100","142200","71100","","0","0","0","0","0","0","0","0","0","0","1","0","0","0","0","0","0","1","0","0","0","0","0","0","0","0","0","1","0","0","0","0","0","0","0","0","0","0","0","0"
"0xd37232660","@!P3  LDG.E.CONSTANT R18, desc[UR6][R20.64+0x30]","2","1","2","17775","568800","568800","32","32","0","0","0","Global","Load","32","71100","0","0","0","0","71100","142200","71100","","0","0","0","0","0","0","0","0","0","0","0","0","0","0","0","0","0","1","0","0","0","0","1","0","0","0","0","0","0","0","0","0","0","0","0","0","0","0","0","1"
"0xd37232670","@!P4  LDG.E.CONSTANT R13, desc[UR6][R20.64+0x200]","2","1","2","17775","568800","0","32","0","32","32","0","","Load","32","0","0","0","0","0","0","0","0","","0","0","0","0","0","0","0","0","0","0","0","0","0","0","1","0","0","0","0","0","0","0","1","0","0","0","0","0","0","0","0","1","0","0","0","0","0","0","0","0"
"0xd37232680","@!P4  LDG.E.CONSTANT R15, desc[UR6][R20.64+0x210]","1","1","1","17775","568800","0","32","0","0","32","0","","Load","32","0","0","0","0","0","0","0","0","","0","0","0","0","0","0","0","0","0","0","1","0","0","0","0","0","0","0","0","0","0","0","0","0","0","0","0","1","0","0","0","0","0","0","0","0","0","0","0","0"
"0xd37232690","@!P4  LDG.E.CONSTANT R17, desc[UR6][R20.64+0x220]","0","0","0","17775","568800","0","32","0","0","32","0","","Load","32","0","0","0","0","0","0","0","0","","0","0","0","0","0","0","0","0","0","0","0","0","0","0","0","0","0","0","0","0","0","0","0","0","0","0","0","0","0","0","0","0","0","0","0","0","0","0","0","0"
"0xd372326a0","@!P4  LDG.E.CONSTANT R19, desc[UR6][R20.64+0x230]","2","1","2","17775","568800","0","32","0","0","32","0","","Load","32","0","0","0","0","0","0","0","0","","0","0","0","0","0","0","0","0","0","0","0","0","0","0","1","0","0","0","1","0","0","0","0","0","0","0","0","0","0","0","0","1","0","0","0","0","0","0","0","0"
"0xd372326b0","      ISETP.NE.U32.AND P1, PT, R5, RZ, PT","0","0","0","17775","568800","568800","32","32","32","0","0","-","-","-","0","0","0","0","0","0","0","0","-","0","0","0","0","0","0","0","0","0","0","0","0","0","0","0","0","0","0","0","0","0","0","0","0","0","0","0","0","0","0","0","0","0","0","0","0","0","0","0","0"
"0xd372326c0","      BSSY B0, 0xd372336d0","0","0","0","17775","568800","568800","32","32","0","0","0","-","-","-","0","0","0","0","0","0","0","0","-","0","0","0","0","0","0","0","0","0","0","0","0","0","0","0","0","0","0","0","0","0","0","0","0","0","0","0","0","0","0","0","0","0","0","0","0","0","0","0","0"
"0xd372326d0","      MOV R32, RZ","0","0","0","17775","568800","568800","32","32","0","0","0","-","-","-","0","0","0","0","0","0","0","0","-","0","0","0","0","0","0","0","0","0","0","0","0","0","0","0","0","0","0","0","0","0","0","0","0","0","0","0","0","0","0","0","0","0","0","0","0","0","0","0","0"
"0xd372326e0","      MOV R34, RZ","2","2","2","17775","568800","568800","32","32","0","0","0","-","-","-","0","0","0","0","0","0","0","0","-","0","0","0","0","0","0","0","0","0","0","0","2","0","0","0","0","0","0","0","0","0","0","0","0","0","0","0","0","2","0","0","0","0","0","0","0","0","0","0","0"
"0xd372326f0","      MOV R35, 0x7f7f","0","0","0","17775","568800","568800","32","32","0","0","0","-","-","-","0","0","0","0","0","0","0","0","-","0","0","0","0","0","0","0","0","0","0","0","0","0","0","0","0","0","0","0","0","0","0","0","0","0","0","0","0","0","0","0","0","0","0","0","0","0","0","0","0"
"0xd37232700","      MOV R36, 0x7f7f","0","0","0","17775","568800","568800","32","32","0","0","0","-","-","-","0","0","0","0","0","0","0","0","-","0","0","0","0","0","0","0","0","0","0","0","0","0","0","0","0","0","0","0","0","0","0","0","0","0","0","0","0","0","0","0","0","0","0","0","0","0","0","0","0"
"0xd37232710","@!P3  IMAD.U32 R32, R37, 0x10000, RZ","131","102","131","17775","568800","568800","32","32","0","0","0","-","-","-","0","0","0","0","0","0","0","0","-","0","0","0","0","0","0","0","0","0","0","0","131","0","0","0","0","0","0","0","0","0","0","0","0","0","0","0","0","102","0","0","0","0","0","0","0","0","0","0","0"
"0xd37232720","@!P4  IMAD.U32 R34, R38, 0x10000, RZ","1","1","1","17775","568800","0","32","0","32","32","0","-","-","-","0","0","0","0","0","0","0","0","-","0","0","0","0","0","0","0","0","0","0","0","0","0","0","0","0","0","0","0","0","0","0","1","0","0","0","0","0","0","0","0","0","0","0","0","0","0","0","0","1"
"0xd37232730","@P0   IMAD R35, R42, 0x100, R39","35","25","35","17775","568800","142200","32","8","8","24","0","-","-","-","0","0","0","0","0","0","0","0","-","0","0","0","0","0","0","0","0","0","0","0","35","0","0","0","0","0","0","0","0","0","0","0","0","0","0","0","0","25","0","0","0","0","0","0","0","0","0","0","0"
"0xd37232740","@P0   IMAD R36, R48, 0x100, R43","0","0","0","17775","568800","142200","32","8","0","24","0","-","-","-","0","0","0","0","0","0","0","0","-","0","0","0","0","0","0","0","0","0","0","0","0","0","0","0","0","0","0","0","0","0","0","0","0","0","0","0","0","0","0","0","0","0","0","0","0","0","0","0","0"
"0xd37232750","@!P1  BRA 0xd372336c0","0","0","0","17775","568800","0","32","0","8","32","0","-","-","-","0","0","0","0","0","0","0","0","-","0","0","0","0","0","0","0","0","0","0","0","0","0","0","0","0","0","0","0","0","0","0","0","0","0","0","0","0","0","0","0","0","0","0","0","0","0","0","0","0"
"0xd37232760","      MOV R37, RZ","0","0","0","17775","568800","568800","32","32","32","0","0","-","-","-","0","0","0","0","0","0","0","0","-","0","0","0","0","0","0","0","0","0","0","0","0","0","0","0","0","0","0","0","0","0","0","0","0","0","0","0","0","0","0","0","0","0","0","0","0","0","0","0","0"
"0xd37232770","      IADD R20, R24, 0xf","6","4","6","70983","2271456","2271456","32","32","0","0","0","-","-","-","0","0","0","0","0","0","0","0","-","0","0","0","0","0","0","0","1","0","0","0","0","0","0","0","0","3","0","0","0","0","0","2","0","0","0","0","0","0","0","0","0","0","2","0","0","0","0","0","2"
"0xd37232780","      MOV R38, R37","1","0","1","70983","2271456","2271456","32","32","0","0","0","-","-","-","0","0","0","0","0","0","0","0","-","0","0","0","0","0","0","0","0","0","0","0","0","0","0","0","0","0","0","1","0","0","0","0","0","0","0","0","0","0","0","0","0","0","0","0","0","0","0","0","0"
"0xd37232790","      LOP3.LUT R42, R37, 0x1, RZ, 0xc0, !PT","2","0","2","70983","2271456","2271456","32","32","0","0","0","-","-","-","0","0","0","0","0","0","0","0","-","0","0","0","0","0","0","0","0","0","0","0","0","1","0","0","0","0","0","1","0","0","0","0","0","0","0","0","0","0","0","0","0","0","0","0","0","0","0","0","0"
"0xd372327a0","      BSSY.RECONVERGENT B1, 0xd372329a0","2","0","2","70983","2271456","2271456","32","32","0","0","0","-","-","-","0","0","0","0","0","0","0","0","-","0","0","0","0","0","0","0","0","0","0","0","0","0","0","0","0","0","0","2","0","0","0","0","0","0","0","0","0","0","0","0","0","0","0","0","0","0","0","0","0"
"0xd372327b0","      IADD R37, R37, 0x1","0","0","0","70983","2271456","2271456","32","32","0","0","0","-","-","-","0","0","0","0","0","0","0","0","-","0","0","0","0","0","0","0","0","0","0","0","0","0","0","0","0","0","0","0","0","0","0","0","0","0","0","0","0","0","0","0","0","0","0","0","0","0","0","0","0"
"0xd372327c0","      SHF.R.U32.HI R20, RZ, 0x4, R20","0","0","0","70983","2271456","2271456","32","32","0","0","0","-","-","-","0","0","0","0","0","0","0","0","-","0","0","0","0","0","0","0","0","0","0","0","0","0","0","0","0","0","0","0","0","0","0","0","0","0","0","0","0","0","0","0","0","0","0","0","0","0","0","0","0"
"0xd372327d0","      ISETP.GE.U32.AND P0, PT, R37, R20, PT","2","1","2","70983","2271456","2271456","32","32","0","0","0","-","-","-","0","0","0","0","0","0","0","0","-","0","0","0","0","0","0","0","0","0","0","0","0","0","0","0","0","0","1","0","0","0","0","1","0","0","0","0","0","0","0","0","0","0","0","0","0","0","0","0","1"
"0xd372327e0","@P0   BRA 0xd37232970","5","3","5","70983","2271456","568800","32","8","24","24","0","-","-","-","0","0","0","0","0","0","0","0","-","0","0","0","0","0","0","0","0","0","0","0","0","0","0","0","0","0","1","0","0","0","0","4","0","0","0","0","0","0","0","0","0","0","0","1","0","0","0","0","2"
"0xd372327f0","      IMAD.SHL.U32 R20, R37, 0x400, RZ","3","3","3","53208","1702656","1702656","32","32","24","0","0","-","-","-","0","0","0","0","0","0","0","0","-","0","0","0","0","0","0","0","0","0","0","0","0","0","0","0","0","0","0","0","0","0","0","3","0","0","0","0","0","0","0","0","0","0","0","0","0","0","0","0","3"
"0xd37232800","      MOV R21, RZ","1","0","1","53208","1702656","1702656","32","32","0","0","0","-","-","-","0","0","0","0","0","0","0","0","-","0","0","0","0","0","0","0","0","0","0","0","0","0","0","0","0","0","0","1","0","0","0","0","0","0","0","0","0","0","0","0","0","0","0","0","0","0","0","0","0"
"0xd37232810","      LOP3.LUT R48, R42, 0x1, RZ, 0x3c, !PT","2","0","2","53208","1702656","1702656","32","32","0","0","0","-","-","-","0","0","0","0","0","0","0","0","-","0","0","0","0","0","0","0","0","0","0","0","0","2","0","0","0","0","0","0","0","0","0","0","0","0","0","0","0","0","0","0","0","0","0","0","0","0","0","0","0"
"0xd37232820","      BSSY.RECONVERGENT B2, 0xd37232940","0","0","0","53208","1702656","1702656","32","32","0","0","0","-","-","-","0","0","0","0","0","0","0","0","-","0","0","0","0","0","0","0","0","0","0","0","0","0","0","0","0","0","0","0","0","0","0","0","0","0","0","0","0","0","0","0","0","0","0","0","0","0","0","0","0"
"0xd37232830","      IADD.64 R22, R40, R20","0","0","0","53208","1702656","1702656","32","32","0","0","0","-","-","-","0","0","0","0","0","0","0","0","-","0","0","0","0","0","0","0","0","0","0","0","0","0","0","0","0","0","0","0","0","0","0","0","0","0","0","0","0","0","0","0","0","0","0","0","0","0","0","0","0"
"0xd37232840","      IMAD R39, R48, 0x500, R31","2","1","2","53208","1702656","1702656","32","32","0","0","0","-","-","-","0","0","0","0","0","0","0","0","-","0","0","0","0","0","0","0","0","0","0","0","0","0","0","0","0","0","0","1","0","0","0","1","0","0","0","0","0","0","0","0","0","0","0","0","0","0","0","0","1"
"0xd37232850","      IADD.64 R20, R28, R20","1","0","1","53208","1702656","1702656","32","32","0","0","0","-","-","-","0","0","0","0","0","0","0","0","-","0","0","0","0","0","0","0","0","0","0","0","0","0","0","0","0","0","0","1","0","0","0","0","0","0","0","0","0","0","0","0","0","0","0","0","0","0","0","0","0"
"0xd37232860","@!PT  LDS RZ, [RZ]","8","7","8","53208","1702656","0","32","0","32","32","0","","Load","32","0","0","0","0","0","0","0","0","-","0","0","0","0","0","0","0","0","0","0","0","0","0","0","6","0","0","0","1","0","0","0","1","0","0","0","0","0","0","0","0","6","0","0","0","0","0","0","0","1"
"0xd37232870","@!PT  LDS RZ, [RZ]","4","4","4","53208","1702656","0","32","0","0","32","0","","Load","32","0","0","0","0","0","0","0","0","-","0","0","0","0","0","0","0","0","0","0","0","0","0","0","4","0","0","0","0","0","0","0","0","0","0","0","0","0","0","0","0","4","0","0","0","0","0","0","0","0"
"0xd37232880","@!PT  LDS RZ, [RZ]","5","5","5","53208","1702656","0","32","0","0","32","0","","Load","32","0","0","0","0","0","0","0","0","-","0","0","0","0","0","0","0","0","0","0","0","0","0","0","5","0","0","0","0","0","0","0","0","0","0","0","0","0","0","0","0","5","0","0","0","0","0","0","0","0"
"0xd37232890","      LDGSTS.E.BYPASS.128 desc[UR6][R22.64], [R39]","12","9","12","53208","1702656","1702656","32","32","32","0","0","Global,Shared","Load,Store","128","212832","15","585288","798120","212832","425664","1276992","851328","","0","0","0","0","0","0","0","0","0","0","4","0","0","0","7","0","0","0","1","0","0","0","0","0","0","0","0","4","0","0","0","5","0","0","0","0","0","0","0","0"
"0xd372328a0","      LDGSTS.E.BYPASS.128 desc[UR6][R20.64], [R39+0x280]","9","6","9","53208","1702656","1702656","32","32","0","0","0","Global,Shared","Load,Store","128","212832","15","585288","798120","212832","425664","1276992","851328","","0","0","0","0","0","0","0","0","0","0","0","0","0","0","8","0","0","1","0","0","0","0","0","0","0","0","0","0","0","0","0","6","0","0","0","0","0","0","0","0"
"0xd372328b0","@P2   BRA 0xd37232920","1","0","1","53208","1702656","1489824","32","28","4","4","53208","-","-","-","0","0","0","0","0","0","0","0","-","0","0","0","0","0","0","0","0","0","0","0","0","0","0","0","0","0","0","1","0","0","0","0","0","0","0","0","0","0","0","0","0","0","0","0","0","0","0","0","0"
"0xd372328c0","      IMAD R23, R48, 0x40, R33","30","21","30","53208","212832","212832","4","4","24","28","0","-","-","-","0","0","0","0","0","0","0","0","-","0","0","0","0","0","0","0","1","0","0","0","20","0","0","0","0","0","1","1","0","0","0","7","0","1","0","0","0","14","0","0","0","0","0","0","0","0","0","0","6"
"0xd372328d0","      IMAD.WIDE R20, R37, 0x40, R26","5","4","5","53208","212832","212832","4","4","0","28","0","-","-","-","0","0","0","0","0","0","0","0","-","0","0","0","0","0","0","0","0","0","0","0","4","0","0","0","0","0","0","1","0","0","0","0","0","0","0","0","0","4","0","0","0","0","0","0","0","0","0","0","0"
"0xd372328e0","@!PT  LDS RZ, [RZ]","7","5","7","53208","212832","0","4","0","4","32","0","","Load","32","0","0","0","0","0","0","0","0","-","0","0","0","0","0","0","0","0","0","0","0","0","0","0","5","0","0","0","1","0","0","0","1","0","0","0","0","0","0","0","0","4","0","0","0","0","0","0","0","1"
"0xd372328f0","@!PT  LDS RZ, [RZ]","3","3","3","53208","212832","0","4","0","0","32","0","","Load","32","0","0","0","0","0","0","0","0","-","0","0","0","0","0","0","0","0","1","0","0","0","0","0","2","0","0","0","0","0","0","0","0","0","0","1","0","0","0","0","0","2","0","0","0","0","0","0","0","0"
"0xd37232900","@!PT  LDS RZ, [RZ]","10","8","10","53208","212832","0","4","0","0","32","0","","Load","32","0","0","0","0","0","0","0","0","-","0","0","0","0","0","0","0","0","0","0","0","0","0","0","10","0","0","0","0","0","0","0","0","0","0","0","0","0","0","0","0","8","0","0","0","0","0","0","0","0"
"0xd37232910","      LDGSTS.E.BYPASS.128 desc[UR6][R20.64], [R23]","11","8","11","53208","212832","212832","4","4","4","28","0","Global,Shared","Load,Store","128","53208","1","0","53208","53208","0","106416","106416","","0","0","0","0","0","0","0","0","0","0","2","0","0","0","7","0","0","2","0","0","0","0","0","0","0","0","0","2","0","0","0","6","0","0","0","0","0","0","0","0"
"0xd37232920","      NOP","4","3","4","106416","1702656","1702656","16","16","12","16","0","-","-","-","0","0","0","0","0","0","0","0","-","0","0","0","0","0","0","0","2","0","0","0","0","0","0","0","0","2","0","0","0","0","0","0","0","2","0","0","0","0","0","0","0","0","1","0","0","0","0","0","0"
"0xd37232930","      BSYNC.RECONVERGENT B2","2","0","2","106416","1702656","1702656","16","16","0","16","0","-","-","-","0","0","0","0","0","0","0","0","-","0","0","0","0","0","0","0","0","0","0","0","0","0","0","0","0","0","0","2","0","0","0","0","0","0","0","0","0","0","0","0","0","0","0","0","0","0","0","0","0"
"0xd37232940","      LDGDEPBAR","25","14","25","53208","1702656","1702656","32","32","16","0","0","-","-","-","0","0","0","0","0","0","0","0","-","0","0","0","0","0","0","0","8","0","0","1","0","0","0","8","0","0","1","3","0","0","0","4","0","5","0","0","1","0","0","0","6","0","0","0","0","0","0","0","2"
"0xd37232950","      DEPBAR.LE SB0, 0x1","1","0","1","53208","1702656","1702656","32","32","0","0","0","-","-","-","0","0","0","0","0","0","0","0","-","0","0","0","0","0","0","0","0","0","0","0","0","0","0","0","0","0","0","1","0","0","0","0","0","0","0","0","0","0","0","0","0","0","0","0","0","0","0","0","0"
"0xd37232960","      BRA 0xd37232980","158","107","158","53208","1702656","1702656","32","32","0","0","0","-","-","-","0","0","0","0","0","0","0","0","-","0","0","0","0","0","0","0","0","0","0","0","156","0","0","0","0","0","0","0","0","0","0","2","0","0","0","0","0","107","0","0","0","0","0","0","0","0","0","0","0"
"0xd37232970","      DEPBAR.LE SB0, 0x0","4","2","4","17775","568800","568800","32","32","0","0","0","-","-","-","0","0","0","0","0","0","0","0","-","0","0","0","0","0","0","0","0","0","0","0","0","0","0","0","0","1","0","0","0","0","0","3","0","0","0","0","0","0","0","0","0","0","1","0","0","0","0","0","1"
"0xd37232980","      NOP","154","102","154","70983","2271456","2271456","32","32","0","0","0","-","-","-","0","0","0","0","0","0","0","0","-","0","0","0","0","0","0","0","2","0","0","0","149","0","0","0","0","0","2","0","0","0","0","1","0","2","0","0","0","99","0","0","0","0","0","1","0","0","0","0","0"
"0xd37232990","      BSYNC.RECONVERGENT B1","0","0","0","70983","2271456","2271456","32","32","0","0","0","-","-","-","0","0","0","0","0","0","0","0","-","0","0","0","0","0","0","0","0","0","0","0","0","0","0","0","0","0","0","0","0","0","0","0","0","0","0","0","0","0","0","0","0","0","0","0","0","0","0","0","0"
"0xd372329a0","      UMOV UR4, 0xffffffff","19","13","19","70983","2271456","2271456","32","32","0","0","0","-","-","-","0","0","0","0","0","0","0","0","-","0","0","0","0","0","0","0","9","0","0","0","0","0","0","0","0","0","0","2","0","0","0","8","0","8","0","0","0","0","0","0","0","0","0","0","0","0","0","0","5"
"0xd372329b0","      BRA.DIV UR4, 0xd37233720","1","0","1","70983","2271456","2271456","32","32","0","0","0","-","-","-","0","0","0","0","0","0","0","0","-","0","0","0","0","0","0","0","0","0","0","0","0","0","0","0","0","0","0","0","0","0","0","1","0","0","0","0","0","0","0","0","0","0","0","0","0","0","0","0","0"
"0xd372329c0","      NOP","7","4","7","70983","2271456","2271456","32","32","0","0","0","-","-","-","0","0","0","0","0","0","0","0","-","0","0","0","0","0","0","0","0","0","0","0","0","0","0","0","0","0","0","2","0","0","0","5","0","0","0","0","0","0","0","0","0","0","0","0","0","0","0","0","4"
"0xd372329d0","      IMAD.SHL.U32 R43, R38, 0x10, RZ","1","0","1","70983","2271456","2271456","32","32","0","0","0","-","-","-","0","0","0","0","0","0","0","0","-","0","0","0","0","0","0","0","0","0","0","0","0","0","0","0","0","0","0","1","0","0","0","0","0","0","0","0","0","0","0","0","0","0","0","0","0","0","0","0","0"
"0xd372329e0","      BSSY B1, 0xd37233640","1","0","1","70983","2271456","2271456","32","32","0","0","0","-","-","-","0","0","0","0","0","0","0","0","-","0","0","0","0","0","0","0","0","0","0","0","0","0","0","0","0","0","0","1","0","0","0","0","0","0","0","0","0","0","0","0","0","0","0","0","0","0","0","0","0"
"0xd372329f0","      IMAD R49, R42, 0x500, R7","1","0","1","70983","2271456","2271456","32","32","0","0","0","-","-","-","0","0","0","0","0","0","0","0","-","0","0","0","0","0","0","0","0","0","0","0","0","0","0","0","0","0","0","1","0","0","0","0","0","0","0","0","0","0","0","0","0","0","0","0","0","0","0","0","0"
"0xd37232a00","      IMAD R42, R42, 0x40, R8","2","1","2","70983","2271456","2271456","32","32","0","0","0","-","-","-","0","0","0","0","0","0","0","0","-","0","0","0","0","0","0","0","0","0","0","0","0","0","0","0","0","0","0","1","0","0","0","1","0","0","0","0","0","0","0","0","0","0","0","0","0","0","0","0","1"
"0xd37232a10","      IADD R48, R24, -R43","2","0","2","70983","2271456","2271456","32","32","0","0","0","-","-","-","0","0","0","0","0","0","0","0","-","0","0","0","0","0","0","0","0","0","0","0","0","0","0","0","0","0","0","2","0","0","0","0","0","0","0","0","0","0","0","0","0","0","0","0","0","0","0","0","0"
"0xd37232a20","      ISETP.GT.AND P0, PT, R48, 0xf, PT","4","1","4","70983","2271456","2271456","32","32","0","0","0","-","-","-","0","0","0","0","0","0","0","0","-","0","0","0","0","0","0","0","0","0","0","0","0","0","0","0","0","0","0","0","0","0","0","4","0","0","0","0","0","0","0","0","0","0","0","0","0","0","0","0","1"
"0xd37232a30","@P0   BRA 0xd37232f40","18","9","18","70983","2271456","2269440","32","31","1","1","0","-","-","-","0","0","0","0","0","0","0","0","-","0","0","0","0","0","0","0","0","0","0","0","0","0","0","0","0","0","2","1","0","0","0","15","0","0","0","0","0","0","0","0","0","0","0","0","0","0","0","0","9"
"0xd37232a40","      ISETP.GE.AND P0, PT, R48, 0x1, PT","2","1","2","63","2016","2016","32","32","1","0","0","-","-","-","0","0","0","0","0","0","0","0","-","0","0","0","0","0","0","0","0","0","0","0","0","0","0","0","0","0","0","0","0","0","0","2","0","0","0","0","0","0","0","0","0","0","0","0","0","0","0","0","1"
"0xd37232a50","@!P0  BRA 0xd37233630","0","0","0","63","2016","0","32","0","32","32","0","-","-","-","0","0","0","0","0","0","0","0","-","0","0","0","0","0","0","0","0","0","0","0","0","0","0","0","0","0","0","0","0","0","0","0","0","0","0","0","0","0","0","0","0","0","0","0","0","0","0","0","0"
"0xd37232a60","      IADD R43, R30, R43","0","0","0","63","2016","2016","32","32","32","0","0","-","-","-","0","0","0","0","0","0","0","0","-","0","0","0","0","0","0","0","0","0","0","0","0","0","0","0","0","0","0","0","0","0","0","0","0","0","0","0","0","0","0","0","0","0","0","0","0","0","0","0","0"
"0xd37232a70","      IMAD.SHL.U32 R50, R4, 0x4, RZ","0","0","0","63","2016","2016","32","32","0","0","0","-","-","-","0","0","0","0","0","0","0","0","-","0","0","0","0","0","0","0","0","0","0","0","0","0","0","0","0","0","0","0","0","0","0","0","0","0","0","0","0","0","0","0","0","0","0","0","0","0","0","0","0"
"0xd37232a80","      MOV R51, RZ","0","0","0","63","2016","2016","32","32","0","0","0","-","-","-","0","0","0","0","0","0","0","0","-","0","0","0","0","0","0","0","0","0","0","0","0","0","0","0","0","0","0","0","0","0","0","0","0","0","0","0","0","0","0","0","0","0","0","0","0","0","0","0","0"
"0xd37232a90","      MOV R53, R30","0","0","0","63","2016","2016","32","32","0","0","0","-","-","-","0","0","0","0","0","0","0","0","-","0","0","0","0","0","0","0","0","0","0","0","0","0","0","0","0","0","0","0","0","0","0","0","0","0","0","0","0","0","0","0","0","0","0","0","0","0","0","0","0"
"0xd37232aa0","      MOV R55, R4","0","0","0","63","2016","2016","32","32","0","0","0","-","-","-","0","0","0","0","0","0","0","0","-","0","0","0","0","0","0","0","0","0","0","0","0","0","0","0","0","0","0","0","0","0","0","0","0","0","0","0","0","0","0","0","0","0","0","0","0","0","0","0","0"
"0xd37232ab0","      MOV R52, R6","0","0","0","63","2016","2016","32","32","0","0","0","-","-","-","0","0","0","0","0","0","0","0","-","0","0","0","0","0","0","0","0","0","0","0","0","0","0","0","0","0","0","0","0","0","0","0","0","0","0","0","0","0","0","0","0","0","0","0","0","0","0","0","0"
"0xd37232ac0","      ISETP.GE.AND P0, PT, R55, R48, PT","0","0","0","92","2944","2944","32","32","0","0","0","-","-","-","0","0","0","0","0","0","0","0","-","0","0","0","0","0","0","0","0","0","0","0","0","0","0","0","0","0","0","0","0","0","0","0","0","0","0","0","0","0","0","0","0","0","0","0","0","0","0","0","0"
"0xd37232ad0","      ISETP.GE.AND P1, PT, R55, R48, PT","0","0","0","92","2944","2944","32","32","0","0","0","-","-","-","0","0","0","0","0","0","0","0","-","0","0","0","0","0","0","0","0","0","0","0","0","0","0","0","0","0","0","0","0","0","0","0","0","0","0","0","0","0","0","0","0","0","0","0","0","0","0","0","0"
"0xd37232ae0","      CS2R R38, SRZ","0","0","0","92","2944","2944","32","32","0","0","0","-","-","-","0","0","0","0","0","0","0","0","-","0","0","0","0","0","0","0","0","0","0","0","0","0","0","0","0","0","0","0","0","0","0","0","0","0","0","0","0","0","0","0","0","0","0","0","0","0","0","0","0"
"0xd37232af0","      WARPSYNC.ALL","0","0","0","92","2944","2944","32","32","0","0","0","-","-","-","0","0","0","0","0","0","0","0","-","0","0","0","0","0","0","0","0","0","0","0","0","0","0","0","0","0","0","0","0","0","0","0","0","0","0","0","0","0","0","0","0","0","0","0","0","0","0","0","0"
"0xd37232b00","      ISETP.EQ.U32.AND P3, PT, R3, RZ, !P0","0","0","0","92","2944","2944","32","32","0","0","0","-","-","-","0","0","0","0","0","0","0","0","-","0","0","0","0","0","0","0","0","0","0","0","0","0","0","0","0","0","0","0","0","0","0","0","0","0","0","0","0","0","0","0","0","0","0","0","0","0","0","0","0"
"0xd37232b10","      SEL R21, R50, RZ, !P0","0","0","0","92","2944","2944","32","32","0","0","0","-","-","-","0","0","0","0","0","0","0","0","-","0","0","0","0","0","0","0","0","0","0","0","0","0","0","0","0","0","0","0","0","0","0","0","0","0","0","0","0","0","0","0","0","0","0","0","0","0","0","0","0"
"0xd37232b20","      IADD R51, R51, 0x8","0","0","0","92","2944","2944","32","32","0","0","0","-","-","-","0","0","0","0","0","0","0","0","-","0","0","0","0","0","0","0","0","0","0","0","0","0","0","0","0","0","0","0","0","0","0","0","0","0","0","0","0","0","0","0","0","0","0","0","0","0","0","0","0"
"0xd37232b30","      BSSY.RECONVERGENT B2, 0xd37232ee0","0","0","0","92","2944","2944","32","32","0","0","0","-","-","-","0","0","0","0","0","0","0","0","-","0","0","0","0","0","0","0","0","0","0","0","0","0","0","0","0","0","0","0","0","0","0","0","0","0","0","0","0","0","0","0","0","0","0","0","0","0","0","0","0"
"0xd37232b40","      IADD R55, R55, 0x8","0","0","0","92","2944","2944","32","32","0","0","0","-","-","-","0","0","0","0","0","0","0","0","-","0","0","0","0","0","0","0","0","0","0","0","0","0","0","0","0","0","0","0","0","0","0","0","0","0","0","0","0","0","0","0","0","0","0","0","0","0","0","0","0"
"0xd37232b50","      IADD R56, R42, R21","0","0","0","92","2944","2944","32","32","0","0","0","-","-","-","0","0","0","0","0","0","0","0","-","0","0","0","0","0","0","0","0","0","0","0","0","0","0","0","0","0","0","0","0","0","0","0","0","0","0","0","0","0","0","0","0","0","0","0","0","0","0","0","0"
"0xd37232b60","      SEL R21, R52, RZ, !P0","0","0","0","92","2944","2944","32","32","0","0","0","-","-","-","0","0","0","0","0","0","0","0","-","0","0","0","0","0","0","0","0","0","0","0","0","0","0","0","0","0","0","0","0","0","0","0","0","0","0","0","0","0","0","0","0","0","0","0","0","0","0","0","0"
"0xd37232b70","      ISETP.NE.U32.AND P0, PT, R9, RZ, PT","0","0","0","92","2944","2944","32","32","0","0","0","-","-","-","0","0","0","0","0","0","0","0","-","0","0","0","0","0","0","0","0","0","0","0","0","0","0","0","0","0","0","0","0","0","0","0","0","0","0","0","0","0","0","0","0","0","0","0","0","0","0","0","0"
"0xd37232b80","      IADD3 R58, PT, PT, R44, R49, R21","0","0","0","92","2944","2944","32","32","0","0","0","-","-","-","0","0","0","0","0","0","0","0","-","0","0","0","0","0","0","0","0","0","0","0","0","0","0","0","0","0","0","0","0","0","0","0","0","0","0","0","0","0","0","0","0","0","0","0","0","0","0","0","0"
"0xd37232b90","@P3   LDS.U16 R23, [R56]","0","0","0","92","2944","461","32","5","27","27","0","Shared","Load","16","0","1","0","92","92","0","0","0","-","0","0","0","0","0","0","0","0","0","0","0","0","0","0","0","0","0","0","0","0","0","0","0","0","0","0","0","0","0","0","0","0","0","0","0","0","0","0","0","0"
"0xd37232ba0","      CS2R R20, SRZ","0","0","0","92","2944","2944","32","32","27","0","0","-","-","-","0","0","0","0","0","0","0","0","-","0","0","0","0","0","0","0","0","0","0","0","0","0","0","0","0","0","0","0","0","0","0","0","0","0","0","0","0","0","0","0","0","0","0","0","0","0","0","0","0"
"0xd37232bb0","@P3   LDS.U16 R54, [R56+0x2]","0","0","0","92","2944","461","32","5","27","27","0","Shared","Load","16","0","1","0","92","92","0","0","0","-","0","0","0","0","0","0","0","0","0","0","0","0","0","0","0","0","0","0","0","0","0","0","0","0","0","0","0","0","0","0","0","0","0","0","0","0","0","0","0","0"
"0xd37232bc0","@!P1  LDS R20, [R58]","0","0","0","92","2944","1844","32","20","15","12","0","Shared","Load","32","0","1","0","92","92","0","0","0","-","0","0","0","0","0","0","0","0","0","0","0","0","0","0","0","0","0","0","0","0","0","0","0","0","0","0","0","0","0","0","0","0","0","0","0","0","0","0","0","0"
"0xd37232bd0","@!P1  LDS R21, [R58+0x10]","0","0","0","92","2944","1844","32","20","0","12","0","Shared","Load","32","0","1","0","92","92","0","0","0","-","0","0","0","0","0","0","0","0","0","0","0","0","0","0","0","0","0","0","0","0","0","0","0","0","0","0","0","0","0","0","0","0","0","0","0","0","0","0","0","0"
"0xd37232be0","@!P1  LDS R38, [R58+0x20]","0","0","0","92","2944","1844","32","20","0","12","0","Shared","Load","32","0","1","0","92","92","0","0","0","-","0","0","0","0","0","0","0","0","0","0","0","0","0","0","0","0","0","0","0","0","0","0","0","0","0","0","0","0","0","0","0","0","0","0","0","0","0","0","0","0"
"0xd37232bf0","@!P1  LDS R39, [R58+0x30]","0","0","0","92","2944","1844","32","20","0","12","0","Shared","Load","32","0","1","0","92","92","0","0","0","-","0","0","0","0","0","0","0","0","0","0","0","0","0","0","0","0","0","0","0","0","0","0","0","0","0","0","0","0","0","0","0","0","0","0","0","0","0","0","0","0"
"0xd37232c00","      ISETP.GE.AND P1, PT, R51, R48, PT","0","0","0","92","2944","2944","32","32","12","0","0","-","-","-","0","0","0","0","0","0","0","0","-","0","0","0","0","0","0","0","0","0","0","0","0","0","0","0","0","0","0","0","0","0","0","0","0","0","0","0","0","0","0","0","0","0","0","0","0","0","0","0","0"
"0xd37232c10","@P3   PRMT R22, R23, 0x7770, RZ","0","0","0","92","2944","461","32","5","27","27","0","-","-","-","0","0","0","0","0","0","0","0","-","0","0","0","0","0","0","0","0","0","0","0","0","0","0","0","0","0","0","0","0","0","0","0","0","0","0","0","0","0","0","0","0","0","0","0","0","0","0","0","0"
"0xd37232c20","@P3   PRMT R23, R23, 0x7771, RZ","0","0","0","92","2944","461","32","5","0","27","0","-","-","-","0","0","0","0","0","0","0","0","-","0","0","0","0","0","0","0","0","0","0","0","0","0","0","0","0","0","0","0","0","0","0","0","0","0","0","0","0","0","0","0","0","0","0","0","0","0","0","0","0"
"0xd37232c30","@P3   PRMT R56, R54, 0x7770, RZ","0","0","0","92","2944","461","32","5","0","27","0","-","-","-","0","0","0","0","0","0","0","0","-","0","0","0","0","0","0","0","0","0","0","0","0","0","0","0","0","0","0","0","0","0","0","0","0","0","0","0","0","0","0","0","0","0","0","0","0","0","0","0","0"
"0xd37232c40","@P3   PRMT R23, R22, 0x3340, R23","0","0","0","92","2944","461","32","5","0","27","0","-","-","-","0","0","0","0","0","0","0","0","-","0","0","0","0","0","0","0","0","0","0","0","0","0","0","0","0","0","0","0","0","0","0","0","0","0","0","0","0","0","0","0","0","0","0","0","0","0","0","0","0"
"0xd37232c50","      MOV R22, 0x7f7f","0","0","0","92","2944","2944","32","32","27","0","0","-","-","-","0","0","0","0","0","0","0","0","-","0","0","0","0","0","0","0","0","0","0","0","0","0","0","0","0","0","0","0","0","0","0","0","0","0","0","0","0","0","0","0","0","0","0","0","0","0","0","0","0"
"0xd37232c60","@P3   PRMT R57, R54, 0x7771, RZ","0","0","0","92","2944","461","32","5","27","27","0","-","-","-","0","0","0","0","0","0","0","0","-","0","0","0","0","0","0","0","0","0","0","0","0","0","0","0","0","0","0","0","0","0","0","0","0","0","0","0","0","0","0","0","0","0","0","0","0","0","0","0","0"
"0xd37232c70","@P3   PRMT R22, R23, 0x7710, RZ","0","0","0","92","2944","461","32","5","0","27","0","-","-","-","0","0","0","0","0","0","0","0","-","0","0","0","0","0","0","0","0","0","0","0","0","0","0","0","0","0","0","0","0","0","0","0","0","0","0","0","0","0","0","0","0","0","0","0","0","0","0","0","0"
"0xd37232c80","@P3   PRMT R56, R56, 0x3340, R57","0","0","0","92","2944","461","32","5","0","27","0","-","-","-","0","0","0","0","0","0","0","0","-","0","0","0","0","0","0","0","0","0","0","0","0","0","0","0","0","0","0","0","0","0","0","0","0","0","0","0","0","0","0","0","0","0","0","0","0","0","0","0","0"
"0xd37232c90","      MOV R57, 0x7f7f","0","0","0","92","2944","2944","32","32","27","0","0","-","-","-","0","0","0","0","0","0","0","0","-","0","0","0","0","0","0","0","0","0","0","0","0","0","0","0","0","0","0","0","0","0","0","0","0","0","0","0","0","0","0","0","0","0","0","0","0","0","0","0","0"
"0xd37232ca0","@P3   PRMT R57, R56, 0x7710, RZ","0","0","0","92","2944","461","32","5","27","27","0","-","-","-","0","0","0","0","0","0","0","0","-","0","0","0","0","0","0","0","0","0","0","0","0","0","0","0","0","0","0","0","0","0","0","0","0","0","0","0","0","0","0","0","0","0","0","0","0","0","0","0","0"
"0xd37232cb0","      OMMA.SF.16864.F32.E2M1.E2M1.E8 R20, R12, R20, RZ, R35, R22, URZ","0","0","0","92","2944","2944","32","32","27","0","0","-","-","-","0","0","0","0","0","0","0","0","-","0","0","0","0","0","0","0","0","0","0","0","0","0","0","0","0","0","0","0","0","0","0","0","0","0","0","0","0","0","0","0","0","0","0","0","0","0","0","0","0"
"0xd37232cc0","@!UPT UIADD3 URZ, UPT, UPT, URZ, URZ, URZ","0","0","0","92","2944","0","32","0","32","32","0","-","-","-","0","0","0","0","0","0","0","0","-","0","0","0","0","0","0","0","0","0","0","0","0","0","0","0","0","0","0","0","0","0","0","0","0","0","0","0","0","0","0","0","0","0","0","0","0","0","0","0","0"
"0xd37232cd0","@!UPT UIADD3 URZ, UPT, UPT, URZ, URZ, URZ","0","0","0","92","2944","0","32","0","0","32","0","-","-","-","0","0","0","0","0","0","0","0","-","0","0","0","0","0","0","0","0","0","0","0","0","0","0","0","0","0","0","0","0","0","0","0","0","0","0","0","0","0","0","0","0","0","0","0","0","0","0","0","0"
"0xd37232ce0","      OMMA.SF.16864.F32.E2M1.E2M1.E8 R20, R16, R38, R20, R36, R57, URZ","0","0","0","92","2944","2944","32","32","32","0","0","-","-","-","0","0","0","0","0","0","0","0","-","0","0","0","0","0","0","0","0","0","0","0","0","0","0","0","0","0","0","0","0","0","0","0","0","0","0","0","0","0","0","0","0","0","0","0","0","0","0","0","0"
"0xd37232cf0","@!UPT UIADD3 URZ, UPT, UPT, URZ, URZ, URZ","0","0","0","92","2944","0","32","0","32","32","0","-","-","-","0","0","0","0","0","0","0","0","-","0","0","0","0","0","0","0","0","0","0","0","0","0","0","0","0","0","0","0","0","0","0","0","0","0","0","0","0","0","0","0","0","0","0","0","0","0","0","0","0"
"0xd37232d00","@!UPT UIADD3 URZ, UPT, UPT, URZ, URZ, URZ","0","0","0","92","2944","0","32","0","0","32","0","-","-","-","0","0","0","0","0","0","0","0","-","0","0","0","0","0","0","0","0","0","0","0","0","0","0","0","0","0","0","0","0","0","0","0","0","0","0","0","0","0","0","0","0","0","0","0","0","0","0","0","0"
"0xd37232d10","      FMNMX R39, RZ, R22, !PT","0","0","0","92","2944","2944","32","32","32","0","0","-","-","-","0","0","0","0","0","0","0","0","-","0","0","0","0","0","0","0","0","0","0","0","0","0","0","0","0","0","0","0","0","0","0","0","0","0","0","0","0","0","0","0","0","0","0","0","0","0","0","0","0"
"0xd37232d20","      FMNMX R57, RZ, R23, !PT","0","0","0","92","2944","2944","32","32","0","0","0","-","-","-","0","0","0","0","0","0","0","0","-","0","0","0","0","0","0","0","0","0","0","0","0","0","0","0","0","0","0","0","0","0","0","0","0","0","0","0","0","0","0","0","0","0","0","0","0","0","0","0","0"
"0xd37232d30","      FMNMX R23, RZ, R20, !PT","0","0","0","92","2944","2944","32","32","0","0","0","-","-","-","0","0","0","0","0","0","0","0","-","0","0","0","0","0","0","0","0","0","0","0","0","0","0","0","0","0","0","0","0","0","0","0","0","0","0","0","0","0","0","0","0","0","0","0","0","0","0","0","0"
"0xd37232d40","      FMNMX R21, RZ, R21, !PT","0","0","0","92","2944","2944","32","32","0","0","0","-","-","-","0","0","0","0","0","0","0","0","-","0","0","0","0","0","0","0","0","0","0","0","0","0","0","0","0","0","0","0","0","0","0","0","0","0","0","0","0","0","0","0","0","0","0","0","0","0","0","0","0"
"0xd37232d50","      FMUL R20, R39, R34","0","0","0","92","2944","2944","32","32","0","0","0","-","-","-","0","0","0","0","0","0","0","0","-","0","0","0","0","0","0","0","0","0","0","0","0","0","0","0","0","0","0","0","0","0","0","0","0","0","0","0","0","0","0","0","0","0","0","0","0","0","0","0","0"
"0xd37232d60","      FMUL R22, R57, R34","0","0","0","92","2944","2944","32","32","0","0","0","-","-","-","0","0","0","0","0","0","0","0","-","0","0","0","0","0","0","0","0","0","0","0","0","0","0","0","0","0","0","0","0","0","0","0","0","0","0","0","0","0","0","0","0","0","0","0","0","0","0","0","0"
"0xd37232d70","      FFMA R20, R23, R32, R20","0","0","0","92","2944","2944","32","32","0","0","0","-","-","-","0","0","0","0","0","0","0","0","-","0","0","0","0","0","0","0","0","0","0","0","0","0","0","0","0","0","0","0","0","0","0","0","0","0","0","0","0","0","0","0","0","0","0","0","0","0","0","0","0"
"0xd37232d80","      FFMA R21, R21, R32, R22","0","0","0","92","2944","2944","32","32","0","0","0","-","-","-","0","0","0","0","0","0","0","0","-","0","0","0","0","0","0","0","0","0","0","0","0","0","0","0","0","0","0","0","0","0","0","0","0","0","0","0","0","0","0","0","0","0","0","0","0","0","0","0","0"
"0xd37232d90","      FSEL R22, R21, R20, !P0","0","0","0","92","2944","2944","32","32","0","0","0","-","-","-","0","0","0","0","0","0","0","0","-","0","0","0","0","0","0","0","0","0","0","0","0","0","0","0","0","0","0","0","0","0","0","0","0","0","0","0","0","0","0","0","0","0","0","0","0","0","0","0","0"
"0xd37232da0","      FSEL R20, R20, R21, !P0","0","0","0","92","2944","2944","32","32","0","0","0","-","-","-","0","0","0","0","0","0","0","0","-","0","0","0","0","0","0","0","0","0","0","0","0","0","0","0","0","0","0","0","0","0","0","0","0","0","0","0","0","0","0","0","0","0","0","0","0","0","0","0","0"
"0xd37232db0","      ISETP.GE.AND P0, PT, R53, R48, PT","0","0","0","92","2944","2944","32","32","0","0","0","-","-","-","0","0","0","0","0","0","0","0","-","0","0","0","0","0","0","0","0","0","0","0","0","0","0","0","0","0","0","0","0","0","0","0","0","0","0","0","0","0","0","0","0","0","0","0","0","0","0","0","0"
"0xd37232dc0","      SHFL.BFLY PT, R23, R22, 0x4, 0x1f","0","0","0","92","2944","2944","32","32","0","0","0","-","-","-","0","0","0","0","0","0","0","0","-","0","0","0","0","0","0","0","0","0","0","0","0","0","0","0","0","0","0","0","0","0","0","0","0","0","0","0","0","0","0","0","0","0","0","0","0","0","0","0","0"
"0xd37232dd0","      ISETP.GT.U32.OR P0, PT, R2, 0x7, P0","0","0","0","92","2944","2944","32","32","0","0","0","-","-","-","0","0","0","0","0","0","0","0","-","0","0","0","0","0","0","0","0","0","0","0","0","0","0","0","0","0","0","0","0","0","0","0","0","0","0","0","0","0","0","0","0","0","0","0","0","0","0","0","0"
"0xd37232de0","      FADD R20, R20, R23","0","0","0","92","2944","2944","32","32","0","0","0","-","-","-","0","0","0","0","0","0","0","0","-","0","0","0","0","0","0","0","0","0","0","0","0","0","0","0","0","0","0","0","0","0","0","0","0","0","0","0","0","0","0","0","0","0","0","0","0","0","0","0","0"
"0xd37232df0","      SHFL.BFLY PT, R21, R20, 0x8, 0x1f","0","0","0","92","2944","2944","32","32","0","0","0","-","-","-","0","0","0","0","0","0","0","0","-","0","0","0","0","0","0","0","0","0","0","0","0","0","0","0","0","0","0","0","0","0","0","0","0","0","0","0","0","0","0","0","0","0","0","0","0","0","0","0","0"
"0xd37232e00","      FADD R21, R20, R21","1","1","1","92","2944","2944","32","32","0","0","0","-","-","-","0","0","0","0","0","0","0","0","-","0","0","0","0","0","0","0","0","0","0","0","0","0","0","0","0","0","0","0","1","0","0","0","0","0","0","0","0","0","0","0","0","0","0","0","0","1","0","0","0"
"0xd37232e10","      SHFL.BFLY PT, R38, R21, 0x10, 0x1f","0","0","0","92","2944","2944","32","32","0","0","0","-","-","-","0","0","0","0","0","0","0","0","-","0","0","0","0","0","0","0","0","0","0","0","0","0","0","0","0","0","0","0","0","0","0","0","0","0","0","0","0","0","0","0","0","0","0","0","0","0","0","0","0"
"0xd37232e20","      FADD R23, R21, R38","0","0","0","92","2944","2944","32","32","0","0","0","-","-","-","0","0","0","0","0","0","0","0","-","0","0","0","0","0","0","0","0","0","0","0","0","0","0","0","0","0","0","0","0","0","0","0","0","0","0","0","0","0","0","0","0","0","0","0","0","0","0","0","0"
"0xd37232e30","@P0   BRA 0xd37232ec0","0","0","0","92","2944","2483","32","26","6","6","92","-","-","-","0","0","0","0","0","0","0","0","-","0","0","0","0","0","0","0","0","0","0","0","0","0","0","0","0","0","0","0","0","0","0","0","0","0","0","0","0","0","0","0","0","0","0","0","0","0","0","0","0"
"0xd37232e40","      ISETP.NE.U32.AND P0, PT, R25, RZ, PT","0","0","0","92","461","461","5","5","21","27","0","-","-","-","0","0","0","0","0","0","0","0","-","0","0","0","0","0","0","0","0","0","0","0","0","0","0","0","0","0","0","0","0","0","0","0","0","0","0","0","0","0","0","0","0","0","0","0","0","0","0","0","0"
"0xd37232e50","@!P0  IMAD.WIDE.U32 R20, R43, 0x4, R46","0","0","0","92","461","461","5","5","0","27","0","-","-","-","0","0","0","0","0","0","0","0","-","0","0","0","0","0","0","0","0","0","0","0","0","0","0","0","0","0","0","0","0","0","0","0","0","0","0","0","0","0","0","0","0","0","0","0","0","0","0","0","0"
"0xd37232e60","@!P0  STG.E desc[UR6][R20.64], R23","0","0","0","92","461","461","5","5","0","27","0","Global","Store","32","104","0","0","0","0","47","139","92","","0","0","0","0","0","0","0","0","0","0","0","0","0","0","0","0","0","0","0","0","0","0","0","0","0","0","0","0","0","0","0","0","0","0","0","0","0","0","0","0"
"0xd37232e70","@!P0  BRA 0xd37232ec0","0","0","0","92","461","461","5","5","0","27","0","-","-","-","0","0","0","0","0","0","0","0","-","0","0","0","0","0","0","0","0","0","0","0","0","0","0","0","0","0","0","0","0","0","0","0","0","0","0","0","0","0","0","0","0","0","0","0","0","0","0","0","0"
"0xd37232e80","      IMAD.WIDE.U32 R20, R43, 0x4, R46","0","0","0","0","0","0","0","0","5","32","0","-","-","-","0","0","0","0","0","0","0","0","-","0","0","0","0","0","0","0","0","0","0","0","0","0","0","0","0","0","0","0","0","0","0","0","0","0","0","0","0","0","0","0","0","0","0","0","0","0","0","0","0"
"0xd37232e90","      LDG.E R22, desc[UR6][R20.64]","0","0","0","0","0","0","0","0","0","32","0","","","","0","0","0","0","0","0","0","0","","0","0","0","0","0","0","0","0","0","0","0","0","0","0","0","0","0","0","0","0","0","0","0","0","0","0","0","0","0","0","0","0","0","0","0","0","0","0","0","0"
"0xd37232ea0","      FADD R23, R23, R22","0","0","0","0","0","0","0","0","0","32","0","-","-","-","0","0","0","0","0","0","0","0","-","0","0","0","0","0","0","0","0","0","0","0","0","0","0","0","0","0","0","0","0","0","0","0","0","0","0","0","0","0","0","0","0","0","0","0","0","0","0","0","0"
"0xd37232eb0","      STG.E desc[UR6][R20.64], R23","0","0","0","0","0","0","0","0","0","32","0","","","","0","0","0","0","0","0","0","0","","0","0","0","0","0","0","0","0","0","0","0","0","0","0","0","0","0","0","0","0","0","0","0","0","0","0","0","0","0","0","0","0","0","0","0","0","0","0","0","0"
"0xd37232ec0","      NOP","0","0","0","184","2944","2944","16","16","16","16","0","-","-","-","0","0","0","0","0","0","0","0","-","0","0","0","0","0","0","0","0","0","0","0","0","0","0","0","0","0","0","0","0","0","0","0","0","0","0","0","0","0","0","0","0","0","0","0","0","0","0","0","0"
"0xd37232ed0","      BSYNC.RECONVERGENT B2","0","0","0","184","2944","2944","16","16","0","16","0","-","-","-","0","0","0","0","0","0","0","0","-","0","0","0","0","0","0","0","0","0","0","0","0","0","0","0","0","0","0","0","0","0","0","0","0","0","0","0","0","0","0","0","0","0","0","0","0","0","0","0","0"
"0xd37232ee0","      IADD R53, R53, 0x8","0","0","0","92","2944","2944","32","32","16","0","0","-","-","-","0","0","0","0","0","0","0","0","-","0","0","0","0","0","0","0","0","0","0","0","0","0","0","0","0","0","0","0","0","0","0","0","0","0","0","0","0","0","0","0","0","0","0","0","0","0","0","0","0"
"0xd37232ef0","      IADD R50, R50, 0x20","0","0","0","92","2944","2944","32","32","0","0","0","-","-","-","0","0","0","0","0","0","0","0","-","0","0","0","0","0","0","0","0","0","0","0","0","0","0","0","0","0","0","0","0","0","0","0","0","0","0","0","0","0","0","0","0","0","0","0","0","0","0","0","0"
"0xd37232f00","      IADD R52, R52, 0x280","0","0","0","92","2944","2944","32","32","0","0","0","-","-","-","0","0","0","0","0","0","0","0","-","0","0","0","0","0","0","0","0","0","0","0","0","0","0","0","0","0","0","0","0","0","0","0","0","0","0","0","0","0","0","0","0","0","0","0","0","0","0","0","0"
"0xd37232f10","      IADD R43, R43, 0x8","0","0","0","92","2944","2944","32","32","0","0","0","-","-","-","0","0","0","0","0","0","0","0","-","0","0","0","0","0","0","0","0","0","0","0","0","0","0","0","0","0","0","0","0","0","0","0","0","0","0","0","0","0","0","0","0","0","0","0","0","0","0","0","0"
"0xd37232f20","@!P1  BRA 0xd37232ac0","0","0","0","92","2944","928","32","10","22","22","0","-","-","-","0","0","0","0","0","0","0","0","-","0","0","0","0","0","0","0","0","0","0","0","0","0","0","0","0","0","0","0","0","0","0","0","0","0","0","0","0","0","0","0","0","0","0","0","0","0","0","0","0"
"0xd37232f30","      BRA 0xd37233630","0","0","0","63","2016","2016","32","32","22","0","0","-","-","-","0","0","0","0","0","0","0","0","-","0","0","0","0","0","0","0","0","0","0","0","0","0","0","0","0","0","0","0","0","0","0","0","0","0","0","0","0","0","0","0","0","0","0","0","0","0","0","0","0"
"0xd37232f40","      ISETP.NE.U32.AND P0, PT, R3, RZ, PT","5","3","5","70920","2269440","2269440","32","32","0","0","0","-","-","-","0","0","0","0","0","0","0","0","-","0","0","0","0","0","0","0","3","0","0","0","0","0","0","0","0","2","0","0","0","0","0","0","0","1","0","0","0","0","0","0","0","0","2","0","0","0","0","0","0"
"0xd37232f50","      IADD R50, R11, R42","1","0","1","70920","2269440","2269440","32","32","0","0","0","-","-","-","0","0","0","0","0","0","0","0","-","0","0","0","0","0","0","0","0","0","0","0","0","0","0","0","0","0","0","1","0","0","0","0","0","0","0","0","0","0","0","0","0","0","0","0","0","0","0","0","0"
"0xd37232f60","      IADD3 R49, PT, PT, R44, R49, R6","3","2","3","70920","2269440","2269440","32","32","0","0","0","-","-","-","0","0","0","0","0","0","0","0","-","0","0","0","0","0","0","0","0","0","0","0","0","3","0","0","0","0","0","0","0","0","0","0","0","0","0","0","0","0","2","0","0","0","0","0","0","0","0","0","0"
"0xd37232f70","      WARPSYNC.ALL","4","1","4","70920","2269440","2269440","32","32","0","0","0","-","-","-","0","0","0","0","0","0","0","0","-","0","0","0","0","0","0","0","0","0","0","0","0","0","0","0","0","1","0","3","0","0","0","0","0","0","0","0","0","0","0","0","0","0","1","0","0","0","0","0","0"
"0xd37232f80","      LDS R20, [R49]","19","16","19","70920","2269440","2269440","32","32","0","0","0","Shared","Load","32","0","1","0","70920","70920","0","0","0","-","0","0","0","0","0","0","0","0","0","0","0","2","0","0","12","0","0","0","1","0","0","0","4","0","0","0","0","0","1","0","0","12","0","0","0","0","0","0","0","3"
"0xd37232f90","      MOV R51, 0x7f7f","1","0","1","70920","2269440","2269440","32","32","0","0","0","-","-","-","0","0","0","0","0","0","0","0","-","0","0","0","0","0","0","0","0","0","0","0","0","0","0","0","0","0","0","1","0","0","0","0","0","0","0","0","0","0","0","0","0","0","0","0","0","0","0","0","0"
"0xd37232fa0","      ISETP.NE.U32.AND P3, PT, R9, RZ, PT","0","0","0","70920","2269440","2269440","32","32","0","0","0","-","-","-","0","0","0","0","0","0","0","0","-","0","0","0","0","0","0","0","0","0","0","0","0","0","0","0","0","0","0","0","0","0","0","0","0","0","0","0","0","0","0","0","0","0","0","0","0","0","0","0","0"
"0xd37232fb0","      IMAD R52, R4, 0x4, R42","2","0","2","70920","2269440","2269440","32","32","0","0","0","-","-","-","0","0","0","0","0","0","0","0","-","0","0","0","0","0","0","0","0","0","0","0","0","0","0","0","0","0","0","2","0","0","0","0","0","0","0","0","0","0","0","0","0","0","0","0","0","0","0","0","0"
"0xd37232fc0","      LDS R21, [R49+0x10]","10","9","10","70920","2269440","2269440","32","32","0","0","0","Shared","Load","32","0","1","0","70920","70920","0","0","0","-","0","0","0","0","0","0","0","0","0","0","0","0","0","0","10","0","0","0","0","0","0","0","0","0","0","0","0","0","0","0","0","9","0","0","0","0","0","0","0","0"
"0xd37232fd0","      ISETP.GT.U32.AND P1, PT, R2, 0x7, PT","1","0","1","70920","2269440","2269440","32","32","0","0","0","-","-","-","0","0","0","0","0","0","0","0","-","0","0","0","0","0","0","0","0","0","0","0","0","0","0","0","0","0","0","1","0","0","0","0","0","0","0","0","0","0","0","0","0","0","0","0","0","0","0","0","0"
"0xd37232fe0","      BSSY.RECONVERGENT B2, 0xd372333a0","0","0","0","70920","2269440","2269440","32","32","0","0","0","-","-","-","0","0","0","0","0","0","0","0","-","0","0","0","0","0","0","0","0","0","0","0","0","0","0","0","0","0","0","0","0","0","0","0","0","0","0","0","0","0","0","0","0","0","0","0","0","0","0","0","0"
"0xd37232ff0","@!P0  LDS.U16 R23, [R50]","9","8","9","70920","2269440","567360","32","8","24","24","0","Shared","Load","16","0","1","0","70920","70920","0","0","0","-","0","0","0","0","0","0","0","0","0","0","0","0","0","0","9","0","0","0","0","0","0","0","0","0","0","0","0","0","0","0","0","8","0","0","0","0","0","0","0","0"
"0xd37233000","@!P0  LDS.U16 R53, [R50+0x2]","8","6","8","70920","2269440","567360","32","8","0","24","0","Shared","Load","16","0","1","0","70920","70920","0","0","0","-","0","0","0","0","0","0","0","0","0","0","0","0","0","0","6","0","0","0","0","0","0","0","2","0","0","0","0","0","0","0","0","4","0","0","0","0","0","0","0","2"
"0xd37233010","      LDS R38, [R49+0x20]","2","2","2","70920","2269440","2269440","32","32","24","0","0","Shared","Load","32","0","1","0","70920","70920","0","0","0","-","0","0","0","0","0","0","0","0","0","0","0","0","0","0","2","0","0","0","0","0","0","0","0","0","0","0","0","0","0","0","0","2","0","0","0","0","0","0","0","0"
"0xd37233020","      LDS R39, [R49+0x30]","3","1","3","70920","2269440","2269440","32","32","0","0","0","Shared","Load","32","0","1","0","70920","70920","0","0","0","-","0","0","0","0","0","0","0","0","0","0","0","0","0","0","1","0","0","1","1","0","0","0","0","0","0","0","0","0","0","0","0","1","0","0","0","0","0","0","0","0"
"0xd37233030","      MOV R50, 0x7f7f","13","12","13","70920","2269440","2269440","32","32","0","0","0","-","-","-","0","0","0","0","0","0","0","0","-","0","0","0","0","0","0","0","0","0","0","0","0","0","0","0","0","0","0","1","12","0","0","0","0","0","0","0","0","0","0","0","0","0","0","0","0","12","0","0","0"
"0xd37233040","@!P0  LDS.U16 R42, [R52+0x22]","7","5","7","70920","2269440","567360","32","8","24","24","0","Shared","Load","16","0","1","0","70920","70920","0","0","0","-","0","0","0","0","0","0","0","0","0","0","0","0","0","0","5","0","0","1","1","0","0","0","0","0","0","0","0","0","0","0","0","5","0","0","0","0","0","0","0","0"
"0xd37233050","@!P0  PRMT R22, R23, 0x7770, RZ","5","5","5","70920","2269440","567360","32","8","0","24","0","-","-","-","0","0","0","0","0","0","0","0","-","0","0","0","0","0","0","0","0","0","0","0","0","1","0","0","0","0","0","0","4","0","0","0","0","0","0","0","0","0","1","0","0","0","0","0","0","4","0","0","0"
"0xd37233060","@!P0  PRMT R23, R23, 0x7771, RZ","2","1","2","70920","2269440","567360","32","8","0","24","0","-","-","-","0","0","0","0","0","0","0","0","-","0","0","0","0","0","0","0","0","0","0","0","0","0","0","0","0","0","1","0","0","0","0","1","0","0","0","0","0","0","0","0","0","0","0","0","0","0","0","0","1"
"0xd37233070","@!P0  PRMT R48, R53, 0x7770, RZ","2","1","2","70920","2269440","567360","32","8","0","24","0","-","-","-","0","0","0","0","0","0","0","0","-","0","0","0","0","0","0","0","0","0","0","0","0","0","0","0","0","0","0","0","1","0","0","1","0","0","0","0","0","0","0","0","0","0","0","0","0","1","0","0","0"
"0xd37233080","@!P0  PRMT R23, R22, 0x3340, R23","1","1","1","70920","2269440","567360","32","8","0","24","0","-","-","-","0","0","0","0","0","0","0","0","-","0","0","0","0","0","0","0","0","0","0","0","0","0","0","0","0","0","0","0","0","0","0","1","0","0","0","0","0","0","0","0","0","0","0","0","0","0","0","0","1"
"0xd37233090","      MOV R22, 0x7f7f","3","0","3","70920","2269440","2269440","32","32","24","0","0","-","-","-","0","0","0","0","0","0","0","0","-","0","0","0","0","0","0","0","0","0","0","0","0","0","0","0","0","0","0","3","0","0","0","0","0","0","0","0","0","0","0","0","0","0","0","0","0","0","0","0","0"
"0xd372330a0","@!P0  PRMT R53, R53, 0x7771, RZ","0","0","0","70920","2269440","567360","32","8","24","24","0","-","-","-","0","0","0","0","0","0","0","0","-","0","0","0","0","0","0","0","0","0","0","0","0","0","0","0","0","0","0","0","0","0","0","0","0","0","0","0","0","0","0","0","0","0","0","0","0","0","0","0","0"
"0xd372330b0","@!P0  PRMT R22, R23, 0x7710, RZ","3","3","3","70920","2269440","567360","32","8","0","24","0","-","-","-","0","0","0","0","0","0","0","0","-","0","0","0","0","0","0","0","0","0","0","0","0","1","0","0","0","0","0","0","0","0","0","2","0","0","0","0","0","0","1","0","0","0","0","0","0","0","0","0","2"
"0xd372330c0","@!P0  PRMT R48, R48, 0x3340, R53","3","1","3","70920","2269440","567360","32","8","0","24","0","-","-","-","0","0","0","0","0","0","0","0","-","0","0","0","0","0","0","0","0","0","0","0","0","1","0","0","0","0","2","0","0","0","0","0","0","0","0","0","0","0","1","0","0","0","0","0","0","0","0","0","0"
"0xd372330d0","@!P0  LDS.U16 R53, [R52+0x20]","8","4","8","70920","2269440","567360","32","8","0","24","0","Shared","Load","16","0","1","0","70920","70920","0","0","0","-","0","0","0","0","0","0","0","0","0","0","0","0","0","0","5","0","0","0","3","0","0","0","0","0","0","0","0","0","0","0","0","4","0","0","0","0","0","0","0","0"
"0xd372330e0","@!P0  PRMT R51, R48, 0x7710, RZ","4","1","4","70920","2269440","567360","32","8","0","24","0","-","-","-","0","0","0","0","0","0","0","0","-","0","0","0","0","0","0","0","0","0","0","0","0","0","0","0","0","0","0","2","0","0","0","2","0","0","0","0","0","0","0","0","0","0","0","0","0","0","0","0","1"
"0xd372330f0","      OMMA.SF.16864.F32.E2M1.E2M1.E8 R20, R12, R20, RZ, R35, R22, URZ","7","6","7","70920","2269440","2269440","32","32","24","0","0","-","-","-","0","0","0","0","0","0","0","0","-","0","0","0","0","0","0","0","0","0","0","0","7","0","0","0","0","0","0","0","0","0","0","0","0","0","0","0","0","6","0","0","0","0","0","0","0","0","0","0","0"
"0xd37233100","@!UPT UIADD3 URZ, UPT, UPT, URZ, URZ, URZ","9","5","9","70920","2269440","0","32","0","32","32","0","-","-","-","0","0","0","0","0","0","0","0","-","0","0","0","0","0","0","0","0","0","0","0","0","0","0","0","0","0","1","1","0","0","0","7","0","0","0","0","0","0","0","0","0","0","0","0","0","0","0","0","5"
"0xd37233110","@!UPT UIADD3 URZ, UPT, UPT, URZ, URZ, URZ","11","7","11","70920","2269440","0","32","0","0","32","0","-","-","-","0","0","0","0","0","0","0","0","-","0","0","0","0","0","0","0","0","0","0","0","0","0","0","0","0","0","0","1","0","0","0","10","0","0","0","0","0","0","0","0","0","0","0","0","0","0","0","0","7"
"0xd37233120","      OMMA.SF.16864.F32.E2M1.E2M1.E8 R20, R16, R38, R20, R36, R51, URZ","6","3","6","70920","2269440","2269440","32","32","32","0","0","-","-","-","0","0","0","0","0","0","0","0","-","0","0","0","0","0","0","0","0","0","0","0","0","0","0","0","0","0","0","0","0","0","0","6","0","0","0","0","0","0","0","0","0","0","0","0","0","0","0","0","3"
"0xd37233130","      LDS R38, [R49+0x2a0]","8","6","8","70920","2269440","2269440","32","32","0","0","0","Shared","Load","32","0","1","0","70920","70920","0","0","0","-","0","0","0","0","0","0","0","0","0","0","0","0","0","0","8","0","0","0","0","0","0","0","0","0","0","0","0","0","0","0","0","6","0","0","0","0","0","0","0","0"
"0xd37233140","@!UPT UIADD3 URZ, UPT, UPT, URZ, URZ, URZ","9","4","9","70920","2269440","0","32","0","32","32","0","-","-","-","0","0","0","0","0","0","0","0","-","0","0","0","0","0","0","0","0","0","0","0","0","0","0","0","0","0","0","2","0","0","0","7","0","0","0","0","0","0","0","0","0","0","0","0","0","0","0","0","4"
"0xd37233150","@!UPT UIADD3 URZ, UPT, UPT, URZ, URZ, URZ","10","5","10","70920","2269440","0","32","0","0","32","0","-","-","-","0","0","0","0","0","0","0","0","-","0","0","0","0","0","0","0","0","0","0","0","0","0","0","0","0","0","1","0","0","0","0","9","0","0","0","0","0","0","0","0","0","0","0","0","0","0","0","0","5"
"0xd37233160","      FMNMX R39, RZ, R22, !PT","6","3","6","70920","2269440","2269440","32","32","32","0","0","-","-","-","0","0","0","0","0","0","0","0","-","0","0","0","0","0","0","0","0","0","0","0","0","0","0","0","0","0","0","1","0","0","0","5","0","0","0","0","0","0","0","0","0","0","0","0","0","0","0","0","3"
"0xd37233170","      FMNMX R51, RZ, R23, !PT","0","0","0","70920","2269440","2269440","32","32","0","0","0","-","-","-","0","0","0","0","0","0","0","0","-","0","0","0","0","0","0","0","0","0","0","0","0","0","0","0","0","0","0","0","0","0","0","0","0","0","0","0","0","0","0","0","0","0","0","0","0","0","0","0","0"
"0xd37233180","      FMNMX R23, RZ, R20, !PT","2","0","2","70920","2269440","2269440","32","32","0","0","0","-","-","-","0","0","0","0","0","0","0","0","-","0","0","0","0","0","0","0","0","0","0","0","0","0","0","0","0","0","0","2","0","0","0","0","0","0","0","0","0","0","0","0","0","0","0","0","0","0","0","0","0"
"0xd37233190","      FMNMX R21, RZ, R21, !PT","0","0","0","70920","2269440","2269440","32","32","0","0","0","-","-","-","0","0","0","0","0","0","0","0","-","0","0","0","0","0","0","0","0","0","0","0","0","0","0","0","0","0","0","0","0","0","0","0","0","0","0","0","0","0","0","0","0","0","0","0","0","0","0","0","0"
"0xd372331a0","      FMUL R20, R39, R34","1","0","1","70920","2269440","2269440","32","32","0","0","0","-","-","-","0","0","0","0","0","0","0","0","-","0","0","0","0","0","0","0","0","0","0","0","0","0","0","0","0","0","0","1","0","0","0","0","0","0","0","0","0","0","0","0","0","0","0","0","0","0","0","0","0"
"0xd372331b0","      FMUL R22, R51, R34","2","0","2","70920","2269440","2269440","32","32","0","0","0","-","-","-","0","0","0","0","0","0","0","0","-","0","0","0","0","0","0","0","0","0","0","0","0","0","0","0","0","0","0","2","0","0","0","0","0","0","0","0","0","0","0","0","0","0","0","0","0","0","0","0","0"
"0xd372331c0","      LDS R39, [R49+0x2b0]","7","6","7","70920","2269440","2269440","32","32","0","0","0","Shared","Load","32","0","1","0","70920","70920","0","0","0","-","0","0","0","0","0","0","0","0","0","0","0","0","0","0","6","0","0","0","1","0","0","0","0","0","0","0","0","0","0","0","0","6","0","0","0","0","0","0","0","0"
"0xd372331d0","      FFMA R20, R23, R32, R20","1","1","1","70920","2269440","2269440","32","32","0","0","0","-","-","-","0","0","0","0","0","0","0","0","-","0","0","0","0","0","0","0","0","0","0","0","0","0","0","0","0","0","0","0","0","0","0","1","0","0","0","0","0","0","0","0","0","0","0","0","0","0","0","0","1"
"0xd372331e0","      FFMA R21, R21, R32, R22","2","0","2","70920","2269440","2269440","32","32","0","0","0","-","-","-","0","0","0","0","0","0","0","0","-","0","0","0","0","0","0","0","0","0","0","0","0","0","0","0","0","0","0","2","0","0","0","0","0","0","0","0","0","0","0","0","0","0","0","0","0","0","0","0","0"
"0xd372331f0","      FSEL R22, R21, R20, !P3","9","5","9","70920","2269440","2269440","32","32","0","0","0","-","-","-","0","0","0","0","0","0","0","0","-","0","0","0","0","0","0","0","0","0","0","0","0","0","0","0","0","0","0","1","0","0","0","8","0","0","0","0","0","0","0","0","0","0","0","0","0","0","0","0","5"
"0xd37233200","      FSEL R20, R20, R21, !P3","2","0","2","70920","2269440","2269440","32","32","0","0","0","-","-","-","0","0","0","0","0","0","0","0","-","0","0","0","0","0","0","0","0","0","0","0","0","0","0","0","0","0","0","2","0","0","0","0","0","0","0","0","0","0","0","0","0","0","0","0","0","0","0","0","0"
"0xd37233210","      LDS R21, [R49+0x290]","3","2","3","70920","2269440","2269440","32","32","0","0","0","Shared","Load","32","0","1","0","70920","70920","0","0","0","-","0","0","0","0","0","0","0","0","0","0","0","0","0","0","2","0","0","0","1","0","0","0","0","0","0","0","0","0","0","0","0","2","0","0","0","0","0","0","0","0"
"0xd37233220","      SHFL.BFLY PT, R23, R22, 0x4, 0x1f","11","8","11","70920","2269440","2269440","32","32","0","0","0","-","-","-","0","0","0","0","0","0","0","0","-","0","0","0","0","0","0","0","0","0","0","0","0","0","0","7","0","0","1","1","0","0","0","2","0","0","0","0","0","0","0","0","7","0","0","0","0","0","0","0","1"
"0xd37233230","@!P0  PRMT R22, R53, 0x7770, RZ","26","17","26","70920","2269440","567360","32","8","24","24","0","-","-","-","0","0","0","0","0","0","0","0","-","0","0","0","0","0","0","0","0","0","0","0","0","1","0","0","0","0","2","0","22","0","0","1","0","0","0","0","0","0","1","0","0","0","0","0","0","15","0","0","1"
"0xd37233240","@!P0  PRMT R53, R53, 0x7771, RZ","0","0","0","70920","2269440","567360","32","8","0","24","0","-","-","-","0","0","0","0","0","0","0","0","-","0","0","0","0","0","0","0","0","0","0","0","0","0","0","0","0","0","0","0","0","0","0","0","0","0","0","0","0","0","0","0","0","0","0","0","0","0","0","0","0"
"0xd37233250","@!P0  PRMT R22, R22, 0x3340, R53","5","3","5","70920","2269440","567360","32","8","0","24","0","-","-","-","0","0","0","0","0","0","0","0","-","0","0","0","0","0","0","0","0","0","0","0","0","1","0","0","0","0","1","0","0","0","0","3","0","0","0","0","0","0","0","0","0","0","0","0","0","0","0","0","3"
"0xd37233260","@!P0  PRMT R50, R22, 0x7710, RZ","3","2","3","70920","2269440","567360","32","8","0","24","0","-","-","-","0","0","0","0","0","0","0","0","-","0","0","0","0","0","0","0","0","0","0","0","0","0","0","0","0","0","0","1","0","0","0","2","0","0","0","0","0","0","0","0","0","0","0","0","0","0","0","0","2"
"0xd37233270","      FADD R23, R20, R23","11","7","11","70920","2269440","2269440","32","32","24","0","0","-","-","-","0","0","0","0","0","0","0","0","-","0","0","0","0","0","0","0","0","1","0","0","0","0","0","0","0","0","0","1","9","0","0","0","0","0","1","0","0","0","0","0","0","0","0","0","0","6","0","0","0"
"0xd37233280","      LDS R20, [R49+0x280]","7","3","7","70920","2269440","2269440","32","32","0","0","0","Shared","Load","32","0","1","0","70920","70920","0","0","0","-","0","0","0","0","0","0","0","0","0","0","0","0","0","0","4","0","0","1","2","0","0","0","0","0","0","0","0","0","0","0","0","3","0","0","0","0","0","0","0","0"
"0xd37233290","      SHFL.BFLY PT, R48, R23, 0x8, 0x1f","7","4","7","70920","2269440","2269440","32","32","0","0","0","-","-","-","0","0","0","0","0","0","0","0","-","0","0","0","0","0","0","0","0","0","0","0","0","0","0","5","0","0","0","0","0","0","0","2","0","0","0","0","0","0","0","0","3","0","0","0","0","0","0","0","1"
"0xd372332a0","      FADD R48, R23, R48","51","25","51","70920","2269440","2269440","32","32","0","0","0","-","-","-","0","0","0","0","0","0","0","0","-","0","0","0","0","0","0","0","0","0","0","0","0","0","0","0","0","0","1","0","49","0","0","1","0","0","0","0","0","0","0","0","0","0","0","0","0","24","0","0","1"
"0xd372332b0","      SHFL.BFLY PT, R51, R48, 0x10, 0x1f","10","5","10","70920","2269440","2269440","32","32","0","0","0","-","-","-","0","0","0","0","0","0","0","0","-","0","0","0","0","0","0","0","0","0","0","0","0","0","0","5","0","0","2","0","0","0","0","3","0","0","0","0","0","0","0","0","4","0","0","0","0","0","0","0","1"
"0xd372332c0","      FADD R51, R48, R51","53","32","53","70920","2269440","2269440","32","32","0","0","0","-","-","-","0","0","0","0","0","0","0","0","-","0","0","0","0","0","0","0","0","0","0","0","0","0","0","0","0","0","0","0","53","0","0","0","0","0","0","0","0","0","0","0","0","0","0","0","0","32","0","0","0"
"0xd372332d0","@P1   BRA 0xd37233380","3","0","3","70920","2269440","1702080","32","24","8","8","70920","-","-","-","0","0","0","0","0","0","0","0","-","0","0","0","0","0","0","0","0","0","0","0","0","0","0","0","0","0","0","3","0","0","0","0","0","0","0","0","0","0","0","0","0","0","0","0","0","0","0","0","0"
"0xd372332e0","      ISETP.NE.U32.AND P4, PT, R25, RZ, PT","9","6","9","70920","567360","567360","8","8","16","24","0","-","-","-","0","0","0","0","0","0","0","0","-","0","0","0","0","0","0","0","5","0","0","0","0","0","0","0","0","0","0","1","0","0","0","3","0","3","0","0","0","0","0","0","0","0","0","0","0","0","0","0","3"
"0xd372332f0","@!P4  IADD R23, R30, R43","10","8","10","70920","567360","567360","8","8","0","24","0","-","-","-","0","0","0","0","0","0","0","0","-","0","0","0","0","0","0","0","0","0","0","0","0","0","0","0","0","0","0","0","0","0","0","10","0","0","0","0","0","0","0","0","0","0","0","0","0","0","0","0","8"
"0xd37233300","@!P4  IMAD.WIDE.U32 R22, R23, 0x4, R46","6","3","6","70920","567360","567360","8","8","0","24","0","-","-","-","0","0","0","0","0","0","0","0","-","0","0","0","0","0","0","0","0","0","0","0","0","0","0","0","0","0","0","1","0","0","0","5","0","0","0","0","0","0","0","0","0","0","0","0","0","0","0","0","3"
"0xd37233310","@!P4  STG.E desc[UR6][R22.64], R51","17","12","17","70920","567360","567360","8","8","0","24","0","Global","Store","32","87408","0","0","0","0","61863","132783","70920","","0","0","0","0","0","0","0","0","3","0","2","0","0","0","5","0","0","1","1","0","0","0","5","0","0","2","0","1","0","0","0","5","0","0","0","0","0","0","0","4"
"0xd37233320","@!P4  BRA 0xd37233380","1","0","1","70920","567360","567360","8","8","0","24","0","-","-","-","0","0","0","0","0","0","0","0","-","0","0","0","0","0","0","0","0","0","0","0","0","0","0","0","0","0","0","1","0","0","0","0","0","0","0","0","0","0","0","0","0","0","0","0","0","0","0","0","0"
"0xd37233330","      IADD R23, R30, R43","5","2","5","0","0","0","0","0","8","32","0","-","-","-","0","0","0","0","0","0","0","0","-","0","0","0","0","0","0","0","0","0","0","0","0","0","0","0","0","0","0","2","0","0","0","3","0","0","0","0","0","0","0","0","0","0","0","0","0","0","0","0","2"
"0xd37233340","      IMAD.WIDE.U32 R22, R23, 0x4, R46","0","0","0","0","0","0","0","0","0","32","0","-","-","-","0","0","0","0","0","0","0","0","-","0","0","0","0","0","0","0","0","0","0","0","0","0","0","0","0","0","0","0","0","0","0","0","0","0","0","0","0","0","0","0","0","0","0","0","0","0","0","0","0"
"0xd37233350","      LDG.E R48, desc[UR6][R22.64]","0","0","0","0","0","0","0","0","0","32","0","","","","0","0","0","0","0","0","0","0","","0","0","0","0","0","0","0","0","0","0","0","0","0","0","0","0","0","0","0","0","0","0","0","0","0","0","0","0","0","0","0","0","0","0","0","0","0","0","0","0"
"0xd37233360","      FADD R49, R51, R48","0","0","0","0","0","0","0","0","0","32","0","-","-","-","0","0","0","0","0","0","0","0","-","0","0","0","0","0","0","0","0","0","0","0","0","0","0","0","0","0","0","0","0","0","0","0","0","0","0","0","0","0","0","0","0","0","0","0","0","0","0","0","0"
"0xd37233370","      STG.E desc[UR6][R22.64], R49","0","0","0","0","0","0","0","0","0","32","0","","","","0","0","0","0","0","0","0","0","","0","0","0","0","0","0","0","0","0","0","0","0","0","0","0","0","0","0","0","0","0","0","0","0","0","0","0","0","0","0","0","0","0","0","0","0","0","0","0","0"
"0xd37233380","      NOP","7","4","7","141840","2269440","2269440","16","16","16","16","0","-","-","-","0","0","0","0","0","0","0","0","-","0","0","0","0","0","0","0","5","0","0","0","0","0","0","0","0","2","0","0","0","0","0","0","0","3","0","0","0","0","0","0","0","0","1","0","0","0","0","0","0"
"0xd37233390","      BSYNC.RECONVERGENT B2","2","0","2","141840","2269440","2269440","16","16","0","16","0","-","-","-","0","0","0","0","0","0","0","0","-","0","0","0","0","0","0","0","0","0","0","0","0","0","0","0","0","0","0","2","0","0","0","0","0","0","0","0","0","0","0","0","0","0","0","0","0","0","0","0","0"
"0xd372333a0","      OMMA.SF.16864.F32.E2M1.E2M1.E8 R20, R12, R20, RZ, R35, R50, URZ","36","22","36","70920","2269440","2269440","32","32","16","0","0","-","-","-","0","0","0","0","0","0","0","0","-","0","0","0","0","0","0","0","17","0","0","0","8","1","0","0","0","0","0","2","0","0","0","8","0","10","0","0","0","7","1","0","0","0","0","0","0","0","0","0","4"
"0xd372333b0","@!P0  PRMT R48, R42, 0x7770, RZ","0","0","0","70920","2269440","567360","32","8","24","24","0","-","-","-","0","0","0","0","0","0","0","0","-","0","0","0","0","0","0","0","0","0","0","0","0","0","0","0","0","0","0","0","0","0","0","0","0","0","0","0","0","0","0","0","0","0","0","0","0","0","0","0","0"
"0xd372333c0","@!P0  PRMT R51, R42, 0x7771, RZ","2","1","2","70920","2269440","567360","32","8","0","24","0","-","-","-","0","0","0","0","0","0","0","0","-","0","0","0","0","0","0","0","0","0","0","0","0","1","0","0","0","0","1","0","0","0","0","0","0","0","0","0","0","0","1","0","0","0","0","0","0","0","0","0","0"
"0xd372333d0","      MOV R49, 0x7f7f","1","0","1","70920","2269440","2269440","32","32","24","0","0","-","-","-","0","0","0","0","0","0","0","0","-","0","0","0","0","0","0","0","0","0","0","0","0","0","0","0","0","0","0","1","0","0","0","0","0","0","0","0","0","0","0","0","0","0","0","0","0","0","0","0","0"
"0xd372333e0","@!P0  PRMT R48, R48, 0x3340, R51","3","0","3","70920","2269440","567360","32","8","24","24","0","-","-","-","0","0","0","0","0","0","0","0","-","0","0","0","0","0","0","0","0","0","0","0","0","0","0","0","0","0","0","1","0","0","0","2","0","0","0","0","0","0","0","0","0","0","0","0","0","0","0","0","0"
"0xd372333f0","@!P0  PRMT R49, R48, 0x7710, RZ","9","3","9","70920","2269440","567360","32","8","0","24","0","-","-","-","0","0","0","0","0","0","0","0","-","0","0","0","0","0","0","0","0","0","0","0","0","1","0","0","0","0","1","2","0","0","0","5","0","0","0","0","0","0","0","0","0","0","0","0","0","0","0","0","3"
"0xd37233400","@!UPT UIADD3 URZ, UPT, UPT, URZ, URZ, URZ","13","7","13","70920","2269440","0","32","0","8","32","0","-","-","-","0","0","0","0","0","0","0","0","-","0","0","0","0","0","0","0","0","0","0","0","0","0","0","0","0","0","0","2","0","0","0","11","0","0","0","0","0","0","0","0","0","0","0","0","0","0","0","0","7"
"0xd37233410","      OMMA.SF.16864.F32.E2M1.E2M1.E8 R20, R16, R38, R20, R36, R49, URZ","9","5","9","70920","2269440","2269440","32","32","32","0","0","-","-","-","0","0","0","0","0","0","0","0","-","0","0","0","0","0","0","0","0","0","0","0","0","0","0","0","0","0","1","1","0","0","0","7","0","0","0","0","0","0","0","0","0","0","0","0","0","0","0","0","5"
"0xd37233420","@!UPT UIADD3 URZ, UPT, UPT, URZ, URZ, URZ","11","8","11","70920","2269440","0","32","0","32","32","0","-","-","-","0","0","0","0","0","0","0","0","-","0","0","0","0","0","0","0","0","0","0","0","0","0","0","0","0","0","1","0","0","0","0","10","0","0","0","0","0","0","0","0","0","0","0","0","0","0","0","0","8"
"0xd37233430","@!UPT UIADD3 URZ, UPT, UPT, URZ, URZ, URZ","14","7","14","70920","2269440","0","32","0","0","32","0","-","-","-","0","0","0","0","0","0","0","0","-","0","0","0","0","0","0","0","0","0","0","0","0","0","0","0","0","0","0","2","0","0","0","12","0","0","0","0","0","0","0","0","0","0","0","0","0","0","0","0","7"
"0xd37233440","      FMNMX R39, RZ, R22, !PT","8","4","8","70920","2269440","2269440","32","32","32","0","0","-","-","-","0","0","0","0","0","0","0","0","-","0","0","0","0","0","0","0","0","0","0","0","0","0","0","0","0","0","1","2","0","0","0","5","0","0","0","0","0","0","0","0","0","0","0","0","0","0","0","0","4"
"0xd37233450","      FMNMX R49, RZ, R23, !PT","0","0","0","70920","2269440","2269440","32","32","0","0","0","-","-","-","0","0","0","0","0","0","0","0","-","0","0","0","0","0","0","0","0","0","0","0","0","0","0","0","0","0","0","0","0","0","0","0","0","0","0","0","0","0","0","0","0","0","0","0","0","0","0","0","0"
"0xd37233460","      FMNMX R23, RZ, R20, !PT","0","0","0","70920","2269440","2269440","32","32","0","0","0","-","-","-","0","0","0","0","0","0","0","0","-","0","0","0","0","0","0","0","0","0","0","0","0","0","0","0","0","0","0","0","0","0","0","0","0","0","0","0","0","0","0","0","0","0","0","0","0","0","0","0","0"
"0xd37233470","      FMNMX R21, RZ, R21, !PT","0","0","0","70920","2269440","2269440","32","32","0","0","0","-","-","-","0","0","0","0","0","0","0","0","-","0","0","0","0","0","0","0","0","0","0","0","0","0","0","0","0","0","0","0","0","0","0","0","0","0","0","0","0","0","0","0","0","0","0","0","0","0","0","0","0"
"0xd37233480","      FMUL R20, R39, R34","1","0","1","70920","2269440","2269440","32","32","0","0","0","-","-","-","0","0","0","0","0","0","0","0","-","0","0","0","0","0","0","0","0","0","0","0","0","0","0","0","0","0","0","1","0","0","0","0","0","0","0","0","0","0","0","0","0","0","0","0","0","0","0","0","0"
"0xd37233490","      FMUL R22, R49, R34","2","0","2","70920","2269440","2269440","32","32","0","0","0","-","-","-","0","0","0","0","0","0","0","0","-","0","0","0","0","0","0","0","0","0","0","0","0","0","0","0","0","0","0","2","0","0","0","0","0","0","0","0","0","0","0","0","0","0","0","0","0","0","0","0","0"
"0xd372334a0","      FFMA R20, R23, R32, R20","5","3","5","70920","2269440","2269440","32","32","0","0","0","-","-","-","0","0","0","0","0","0","0","0","-","0","0","0","0","0","0","0","0","0","0","0","0","0","0","0","0","0","1","0","0","0","0","4","0","0","0","0","0","0","0","0","0","0","0","0","0","0","0","0","3"
"0xd372334b0","      FFMA R21, R21, R32, R22","1","0","1","70920","2269440","2269440","32","32","0","0","0","-","-","-","0","0","0","0","0","0","0","0","-","0","0","0","0","0","0","0","0","0","0","0","0","0","0","0","0","0","0","1","0","0","0","0","0","0","0","0","0","0","0","0","0","0","0","0","0","0","0","0","0"
"0xd372334c0","      FSEL R22, R21, R20, !P3","6","2","6","70920","2269440","2269440","32","32","0","0","0","-","-","-","0","0","0","0","0","0","0","0","-","0","0","0","0","0","0","0","0","1","0","0","0","0","0","0","0","0","0","0","0","0","0","5","0","0","0","0","0","0","0","0","0","0","0","0","0","0","0","0","2"
"0xd372334d0","      FSEL R20, R20, R21, !P3","0","0","0","70920","2269440","2269440","32","32","0","0","0","-","-","-","0","0","0","0","0","0","0","0","-","0","0","0","0","0","0","0","0","0","0","0","0","0","0","0","0","0","0","0","0","0","0","0","0","0","0","0","0","0","0","0","0","0","0","0","0","0","0","0","0"
"0xd372334e0","      SHFL.BFLY PT, R23, R22, 0x4, 0x1f","10","5","10","70920","2269440","2269440","32","32","0","0","0","-","-","-","0","0","0","0","0","0","0","0","-","0","0","0","0","0","0","0","0","0","0","0","0","0","0","5","0","0","2","1","0","0","0","2","0","0","0","0","0","0","0","0","4","0","0","0","0","0","0","0","1"
"0xd372334f0","      FADD R20, R20, R23","58","46","58","70920","2269440","2269440","32","32","0","0","0","-","-","-","0","0","0","0","0","0","0","0","-","0","0","0","0","0","0","0","0","0","0","0","0","0","0","0","0","0","1","0","56","0","0","1","0","0","0","0","0","0","0","0","0","0","0","0","0","45","0","0","1"
"0xd37233500","      SHFL.BFLY PT, R21, R20, 0x8, 0x1f","19","11","19","70920","2269440","2269440","32","32","0","0","0","-","-","-","0","0","0","0","0","0","0","0","-","0","0","0","0","0","0","0","0","1","0","0","0","0","0","6","0","0","1","2","0","0","0","9","0","0","0","0","0","0","0","0","5","0","0","0","0","0","0","0","6"
"0xd37233510","      FADD R21, R20, R21","56","40","56","70920","2269440","2269440","32","32","0","0","0","-","-","-","0","0","0","0","0","0","0","0","-","0","0","0","0","0","0","0","0","0","0","0","0","0","0","0","0","0","0","1","55","0","0","0","0","0","0","0","0","0","0","0","0","0","0","0","0","40","0","0","0"
"0xd37233520","      SHFL.BFLY PT, R38, R21, 0x10, 0x1f","12","7","12","70920","2269440","2269440","32","32","0","0","0","-","-","-","0","0","0","0","0","0","0","0","-","0","0","0","0","0","0","0","0","0","0","0","0","0","0","5","0","0","1","1","0","0","0","5","0","0","0","0","0","0","0","0","4","0","0","0","0","0","0","0","3"
"0xd37233530","      FADD R39, R21, R38","59","36","59","70920","2269440","2269440","32","32","0","0","0","-","-","-","0","0","0","0","0","0","0","0","-","0","0","0","0","0","0","0","0","0","0","0","0","0","0","0","0","0","1","4","53","0","0","1","0","0","0","0","0","0","0","0","0","0","0","0","0","36","0","0","0"
"0xd37233540","@P1   BRA 0xd37233630","0","0","0","70920","2269440","1702080","32","24","8","8","70920","-","-","-","0","0","0","0","0","0","0","0","-","0","0","0","0","0","0","0","0","0","0","0","0","0","0","0","0","0","0","0","0","0","0","0","0","0","0","0","0","0","0","0","0","0","0","0","0","0","0","0","0"
"0xd37233550","      MOV R22, R4","5","3","5","70920","567360","567360","8","8","16","24","0","-","-","-","0","0","0","0","0","0","0","0","-","0","0","0","0","0","0","0","0","0","0","0","0","0","0","0","0","0","0","0","0","0","0","5","0","0","0","0","0","0","0","0","0","0","0","0","0","0","0","0","3"
"0xd37233560","      MOV R23, RZ","1","0","1","70920","567360","567360","8","8","0","24","0","-","-","-","0","0","0","0","0","0","0","0","-","0","0","0","0","0","0","0","0","0","0","0","0","0","0","0","0","0","0","1","0","0","0","0","0","0","0","0","0","0","0","0","0","0","0","0","0","0","0","0","0"
"0xd37233570","      MOV R20, R10","0","0","0","70920","567360","567360","8","8","0","24","0","-","-","-","0","0","0","0","0","0","0","0","-","0","0","0","0","0","0","0","0","0","0","0","0","0","0","0","0","0","0","0","0","0","0","0","0","0","0","0","0","0","0","0","0","0","0","0","0","0","0","0","0"
"0xd37233580","      MOV R21, RZ","0","0","0","70920","567360","567360","8","8","0","24","0","-","-","-","0","0","0","0","0","0","0","0","-","0","0","0","0","0","0","0","0","0","0","0","0","0","0","0","0","0","0","0","0","0","0","0","0","0","0","0","0","0","0","0","0","0","0","0","0","0","0","0","0"
"0xd37233590","      ISETP.NE.U32.AND P1, PT, R25, RZ, PT","2","0","2","70920","567360","567360","8","8","0","24","0","-","-","-","0","0","0","0","0","0","0","0","-","0","0","0","0","0","0","0","0","0","0","0","0","0","0","0","0","0","0","2","0","0","0","0","0","0","0","0","0","0","0","0","0","0","0","0","0","0","0","0","0"
"0xd372335a0","      IADD.64 R22, R22, R20","5","1","5","70920","567360","567360","8","8","0","24","0","-","-","-","0","0","0","0","0","0","0","0","-","0","0","0","0","0","0","0","0","0","0","0","0","1","0","0","0","0","1","1","0","0","0","2","0","0","0","0","0","0","0","0","0","0","0","0","0","0","0","0","1"
"0xd372335b0","      MOV R20, R43","1","1","1","70920","567360","567360","8","8","0","24","0","-","-","-","0","0","0","0","0","0","0","0","-","0","0","0","0","0","0","0","0","1","0","0","0","0","0","0","0","0","0","0","0","0","0","0","0","0","1","0","0","0","0","0","0","0","0","0","0","0","0","0","0"
"0xd372335c0","      IADD.64 R22, R20, R22","9","3","9","70920","567360","567360","8","8","0","24","0","-","-","-","0","0","0","0","0","0","0","0","-","0","0","0","0","0","0","0","0","1","0","0","0","2","0","0","0","0","0","0","0","0","0","6","0","0","0","0","0","0","1","0","0","0","0","0","0","0","0","0","2"
"0xd372335d0","      LEA R20, P0, R22, R46, 0x2","8","5","8","70920","567360","567360","8","8","0","24","0","-","-","-","0","0","0","0","0","0","0","0","-","0","0","0","0","0","0","0","0","1","0","0","0","0","0","0","0","0","2","0","0","0","0","5","0","0","1","0","0","0","0","0","0","0","0","1","0","0","0","0","3"
"0xd372335e0","      LEA.HI.X R21, R22, R47, R23, 0x2, P0","7","2","7","70920","567360","567360","8","8","0","24","0","-","-","-","0","0","0","0","0","0","0","0","-","0","0","0","0","0","0","0","0","0","0","0","0","0","0","0","0","0","1","1","0","0","0","5","0","0","0","0","0","0","0","0","0","0","0","0","0","0","0","0","2"
"0xd372335f0","@!P1  STG.E desc[UR6][R20.64+0x20], R39","14","11","14","70920","567360","567360","8","8","0","24","0","Global","Store","32","85364","0","0","0","0","61863","132783","70920","","0","0","0","0","0","0","0","0","1","0","3","0","0","0","4","0","0","1","0","0","0","0","5","0","0","1","0","2","0","0","0","4","0","0","0","0","0","0","0","4"
"0xd37233600","@P1   LDG.E R22, desc[UR6][R20.64+0x20]","5","3","5","70920","567360","0","8","0","8","32","0","","Load","32","0","0","0","0","0","0","0","0","","0","0","0","0","0","0","0","0","0","0","1","0","0","0","1","0","0","0","1","0","0","0","2","0","0","0","0","0","0","0","0","1","0","0","0","0","0","0","0","2"
"0xd37233610","@P1   FADD R23, R39, R22","57","40","57","70920","567360","0","8","0","0","32","0","-","-","-","0","0","0","0","0","0","0","0","-","0","0","0","0","0","0","0","0","0","0","0","54","0","0","0","0","0","0","2","0","0","0","1","0","0","0","0","0","40","0","0","0","0","0","0","0","0","0","0","0"
"0xd37233620","@P1   STG.E desc[UR6][R20.64+0x20], R23","15","13","15","70920","567360","0","8","0","0","32","0","","Store","32","0","0","0","0","0","0","0","0","","0","0","0","0","0","0","0","0","0","0","5","0","0","0","5","0","0","1","0","0","0","0","4","0","0","0","0","4","0","0","0","5","0","0","0","0","0","0","0","4"
"0xd37233630","      BSYNC B1","9","7","9","141903","2271456","2271456","16","16","16","16","0","-","-","-","0","0","0","0","0","0","0","0","-","0","0","0","0","0","0","0","3","0","0","0","0","0","0","0","0","3","0","0","0","0","0","3","0","3","0","0","0","0","0","0","0","0","2","0","0","0","0","0","2"
"0xd37233640","      UMOV UR4, 0xffffffff","28","13","28","70983","2271456","2271456","32","32","16","0","0","-","-","-","0","0","0","0","0","0","0","0","-","0","0","0","0","0","0","0","14","0","0","0","0","0","0","0","0","0","1","2","0","0","0","11","0","6","0","0","0","0","0","0","0","0","0","0","0","0","0","0","7"
"0xd37233650","      BRA.DIV UR4, 0xd37233790","3","0","3","70983","2271456","2271456","32","32","0","0","0","-","-","-","0","0","0","0","0","0","0","0","-","0","0","0","0","0","0","0","0","0","0","0","0","0","0","0","0","0","1","1","0","0","0","1","0","0","0","0","0","0","0","0","0","0","0","0","0","0","0","0","0"
"0xd37233660","      NOP","6","4","6","70983","2271456","2271456","32","32","0","0","0","-","-","-","0","0","0","0","0","0","0","0","-","0","0","0","0","0","0","0","0","1","0","0","0","0","0","0","0","0","1","0","0","0","0","4","0","0","0","0","0","0","0","0","0","0","0","0","0","0","0","0","4"
"0xd37233670","      IADD R20, R24, 0xf","2","2","2","70983","2271456","2271456","32","32","0","0","0","-","-","-","0","0","0","0","0","0","0","0","-","0","0","0","0","0","0","0","0","0","0","0","2","0","0","0","0","0","0","0","0","0","0","0","0","0","0","0","0","2","0","0","0","0","0","0","0","0","0","0","0"
"0xd37233680","      SHF.R.U32.HI R20, RZ, 0x4, R20","9","6","9","70983","2271456","2271456","32","32","0","0","0","-","-","-","0","0","0","0","0","0","0","0","-","0","0","0","0","0","0","0","0","1","0","0","0","0","0","0","0","0","2","0","0","0","0","6","0","0","0","0","0","0","0","0","0","0","0","0","0","0","0","0","6"
"0xd37233690","      VIMNMX.U32 R20, R20, 0x1, !PT","9","3","9","70983","2271456","2271456","32","32","0","0","0","-","-","-","0","0","0","0","0","0","0","0","-","0","0","0","0","0","0","0","0","1","0","0","0","0","0","0","0","0","0","1","0","0","0","7","0","0","1","0","0","0","0","0","0","0","0","0","0","0","0","0","2"
"0xd372336a0","      ISETP.NE.U32.AND P0, PT, R37, R20, PT","5","3","5","70983","2271456","2271456","32","32","0","0","0","-","-","-","0","0","0","0","0","0","0","0","-","0","0","0","0","0","0","0","0","0","0","0","0","0","0","0","0","0","0","0","0","0","0","5","0","0","0","0","0","0","0","0","0","0","0","0","0","0","0","0","3"
"0xd372336b0","@P0   BRA 0xd37232770","8","4","8","70983","2271456","1702656","32","23","9","9","0","-","-","-","0","0","0","0","0","0","0","0","-","0","0","0","0","0","0","0","0","0","0","0","0","0","0","0","0","0","0","2","0","0","0","6","0","0","0","0","0","0","0","0","0","0","0","0","0","0","0","0","4"
"0xd372336c0","      BSYNC B0","6","3","6","17775","568800","568800","32","32","9","0","0","-","-","-","0","0","0","0","0","0","0","0","-","0","0","0","0","0","0","0","0","0","0","0","0","0","0","0","0","0","0","1","0","0","0","5","0","0","0","0","0","0","0","0","0","0","0","0","0","0","0","0","3"
"0xd372336d0","      LDCU UR4, c[0x0][0x3cc]","6","6","6","17775","568800","568800","32","32","0","0","0","-","-","-","0","0","0","0","0","0","0","0","-","0","0","0","0","0","0","0","4","0","0","0","0","0","0","0","0","0","0","0","0","0","0","2","0","4","0","0","0","0","0","0","0","0","0","0","0","0","0","0","2"
"0xd372336e0","      IADD R25, R25, 0x10","1","0","1","17775","568800","568800","32","32","0","0","0","-","-","-","0","0","0","0","0","0","0","0","-","0","0","0","0","0","0","0","0","0","0","0","0","0","0","0","0","0","0","1","0","0","0","0","0","0","0","0","0","0","0","0","0","0","0","0","0","0","0","0","0"
"0xd372336f0","      ISETP.GE.AND P0, PT, R25, UR4, PT","7","6","7","17775","568800","568800","32","32","0","0","0","-","-","-","0","0","0","0","0","0","0","0","-","0","0","0","0","0","0","0","0","0","0","0","0","0","0","0","0","0","0","0","6","0","0","1","0","0","0","0","0","0","0","0","0","0","0","0","0","5","0","0","1"
"0xd37233700","@!P0  BRA 0xd37232300","2","0","2","17775","568800","0","32","0","32","32","0","-","-","-","0","0","0","0","0","0","0","0","-","0","0","0","0","0","0","0","0","0","0","0","0","0","0","0","0","0","0","0","0","0","0","2","0","0","0","0","0","0","0","0","0","0","0","0","0","0","0","0","0"
"0xd37233710","      EXIT","0","0","0","17775","568800","568800","32","32","32","0","0","-","-","-","0","0","0","0","0","0","0","0","-","0","0","0","0","0","0","0","0","0","0","0","0","0","0","0","0","0","0","0","0","0","0","0","0","0","0","0","0","0","0","0","0","0","0","0","0","0","0","0","0"
"0xd37233720","      BSSY B1, 0xd37233780","3","2","3","0","0","0","0","0","32","32","0","-","-","-","0","0","0","0","0","0","0","0","-","0","0","0","0","0","0","0","0","0","2","0","0","0","0","0","0","0","0","0","0","0","0","1","0","0","0","2","0","0","0","0","0","0","0","0","0","0","0","0","0"
"0xd37233730","      MOV R20, 0xffffffff","0","0","0","0","0","0","0","0","0","32","0","-","-","-","0","0","0","0","0","0","0","0","-","0","0","0","0","0","0","0","0","0","0","0","0","0","0","0","0","0","0","0","0","0","0","0","0","0","0","0","0","0","0","0","0","0","0","0","0","0","0","0","0"
"0xd37233740","      WARPSYNC.COLLECTIVE R20, 0xd37233770","0","0","0","0","0","0","0","0","0","32","0","-","-","-","0","0","0","0","0","0","0","0","-","0","0","0","0","0","0","0","0","0","0","0","0","0","0","0","0","0","0","0","0","0","0","0","0","0","0","0","0","0","0","0","0","0","0","0","0","0","0","0","0"
"0xd37233750","      NOP","0","0","0","0","0","0","0","0","0","32","0","-","-","-","0","0","0","0","0","0","0","0","-","0","0","0","0","0","0","0","0","0","0","0","0","0","0","0","0","0","0","0","0","0","0","0","0","0","0","0","0","0","0","0","0","0","0","0","0","0","0","0","0"
"0xd37233760","      ENDCOLLECTIVE","0","0","0","0","0","0","0","0","0","32","0","-","-","-","0","0","0","0","0","0","0","0","-","0","0","0","0","0","0","0","0","0","0","0","0","0","0","0","0","0","0","0","0","0","0","0","0","0","0","0","0","0","0","0","0","0","0","0","0","0","0","0","0"
"0xd37233770","      BSYNC B1","0","0","0","0","0","0","0","0","0","32","0","-","-","-","0","0","0","0","0","0","0","0","-","0","0","0","0","0","0","0","0","0","0","0","0","0","0","0","0","0","0","0","0","0","0","0","0","0","0","0","0","0","0","0","0","0","0","0","0","0","0","0","0"
"0xd37233780","      BRA 0xd372329d0","0","0","0","0","0","0","0","0","0","32","0","-","-","-","0","0","0","0","0","0","0","0","-","0","0","0","0","0","0","0","0","0","0","0","0","0","0","0","0","0","0","0","0","0","0","0","0","0","0","0","0","0","0","0","0","0","0","0","0","0","0","0","0"
"0xd37233790","      BSSY B1, 0xd372337f0","0","0","0","0","0","0","0","0","0","32","0","-","-","-","0","0","0","0","0","0","0","0","-","0","0","0","0","0","0","0","0","0","0","0","0","0","0","0","0","0","0","0","0","0","0","0","0","0","0","0","0","0","0","0","0","0","0","0","0","0","0","0","0"
"0xd372337a0","      MOV R20, 0xffffffff","0","0","0","0","0","0","0","0","0","32","0","-","-","-","0","0","0","0","0","0","0","0","-","0","0","0","0","0","0","0","0","0","0","0","0","0","0","0","0","0","0","0","0","0","0","0","0","0","0","0","0","0","0","0","0","0","0","0","0","0","0","0","0"
"0xd372337b0","      WARPSYNC.COLLECTIVE R20, 0xd372337e0","0","0","0","0","0","0","0","0","0","32","0","-","-","-","0","0","0","0","0","0","0","0","-","0","0","0","0","0","0","0","0","0","0","0","0","0","0","0","0","0","0","0","0","0","0","0","0","0","0","0","0","0","0","0","0","0","0","0","0","0","0","0","0"
"0xd372337c0","      NOP","0","0","0","0","0","0","0","0","0","32","0","-","-","-","0","0","0","0","0","0","0","0","-","0","0","0","0","0","0","0","0","0","0","0","0","0","0","0","0","0","0","0","0","0","0","0","0","0","0","0","0","0","0","0","0","0","0","0","0","0","0","0","0"
"0xd372337d0","      ENDCOLLECTIVE","0","0","0","0","0","0","0","0","0","32","0","-","-","-","0","0","0","0","0","0","0","0","-","0","0","0","0","0","0","0","0","0","0","0","0","0","0","0","0","0","0","0","0","0","0","0","0","0","0","0","0","0","0","0","0","0","0","0","0","0","0","0","0"
"0xd372337e0","      BSYNC B1","0","0","0","0","0","0","0","0","0","32","0","-","-","-","0","0","0","0","0","0","0","0","-","0","0","0","0","0","0","0","0","0","0","0","0","0","0","0","0","0","0","0","0","0","0","0","0","0","0","0","0","0","0","0","0","0","0","0","0","0","0","0","0"
"0xd372337f0","      BRA 0xd37233670","0","0","0","0","0","0","0","0","0","32","0","-","-","-","0","0","0","0","0","0","0","0","-","0","0","0","0","0","0","0","0","0","0","0","0","0","0","0","0","0","0","0","0","0","0","0","0","0","0","0","0","0","0","0","0","0","0","0","0","0","0","0","0"
"0xd37233800","      BRA `(.L_x_0) 0xd37233800","0","0","0","0","0","0","0","0","0","0","0","-","-","-","0","0","0","0","0","0","0","0","-","0","0","0","0","0","0","0","0","0","0","0","0","0","0","0","0","0","0","0","0","0","0","0","0","0","0","0","0","0","0","0","0","0","0","0","0","0","0","0","0"
"0xd37233810","      NOP","0","0","0","0","0","0","0","0","0","0","0","-","-","-","0","0","0","0","0","0","0","0","-","0","0","0","0","0","0","0","0","0","0","0","0","0","0","0","0","0","0","0","0","0","0","0","0","0","0","0","0","0","0","0","0","0","0","0","0","0","0","0","0"
"0xd37233820","      NOP","0","0","0","0","0","0","0","0","0","0","0","-","-","-","0","0","0","0","0","0","0","0","-","0","0","0","0","0","0","0","0","0","0","0","0","0","0","0","0","0","0","0","0","0","0","0","0","0","0","0","0","0","0","0","0","0","0","0","0","0","0","0","0"
"0xd37233830","      NOP","0","0","0","0","0","0","0","0","0","0","0","-","-","-","0","0","0","0","0","0","0","0","-","0","0","0","0","0","0","0","0","0","0","0","0","0","0","0","0","0","0","0","0","0","0","0","0","0","0","0","0","0","0","0","0","0","0","0","0","0","0","0","0"
"0xd37233840","      NOP","0","0","0","0","0","0","0","0","0","0","0","-","-","-","0","0","0","0","0","0","0","0","-","0","0","0","0","0","0","0","0","0","0","0","0","0","0","0","0","0","0","0","0","0","0","0","0","0","0","0","0","0","0","0","0","0","0","0","0","0","0","0","0"
"0xd37233850","      NOP","0","0","0","0","0","0","0","0","0","0","0","-","-","-","0","0","0","0","0","0","0","0","-","0","0","0","0","0","0","0","0","0","0","0","0","0","0","0","0","0","0","0","0","0","0","0","0","0","0","0","0","0","0","0","0","0","0","0","0","0","0","0","0"
"0xd37233860","      NOP","0","0","0","0","0","0","0","0","0","0","0","-","-","-","0","0","0","0","0","0","0","0","-","0","0","0","0","0","0","0","0","0","0","0","0","0","0","0","0","0","0","0","0","0","0","0","0","0","0","0","0","0","0","0","0","0","0","0","0","0","0","0","0"
"0xd37233870","      NOP","0","0","0","0","0","0","0","0","0","0","0","-","-","-","0","0","0","0","0","0","0","0","-","0","0","0","0","0","0","0","0","0","0","0","0","0","0","0","0","0","0","0","0","0","0","0","0","0","0","0","0","0","0","0","0","0","0","0","0","0","0","0","0"
"0xd37233880","      NOP","0","0","0","0","0","0","0","0","0","0","0","-","-","-","0","0","0","0","0","0","0","0","-","0","0","0","0","0","0","0","0","0","0","0","0","0","0","0","0","0","0","0","0","0","0","0","0","0","0","0","0","0","0","0","0","0","0","0","0","0","0","0","0"
"0xd37233890","      NOP","0","0","0","0","0","0","0","0","0","0","0","-","-","-","0","0","0","0","0","0","0","0","-","0","0","0","0","0","0","0","0","0","0","0","0","0","0","0","0","0","0","0","0","0","0","0","0","0","0","0","0","0","0","0","0","0","0","0","0","0","0","0","0"
"0xd372338a0","      NOP","0","0","0","0","0","0","0","0","0","0","0","-","-","-","0","0","0","0","0","0","0","0","-","0","0","0","0","0","0","0","0","0","0","0","0","0","0","0","0","0","0","0","0","0","0","0","0","0","0","0","0","0","0","0","0","0","0","0","0","0","0","0","0"
"0xd372338b0","      NOP","0","0","0","0","0","0","0","0","0","0","0","-","-","-","0","0","0","0","0","0","0","0","-","0","0","0","0","0","0","0","0","0","0","0","0","0","0","0","0","0","0","0","0","0","0","0","0","0","0","0","0","0","0","0","0","0","0","0","0","0","0","0","0"
"0xd372338c0","      NOP","0","0","0","0","0","0","0","0","0","0","0","-","-","-","0","0","0","0","0","0","0","0","-","0","0","0","0","0","0","0","0","0","0","0","0","0","0","0","0","0","0","0","0","0","0","0","0","0","0","0","0","0","0","0","0","0","0","0","0","0","0","0","0"
"0xd372338d0","      NOP","0","0","0","0","0","0","0","0","0","0","0","-","-","-","0","0","0","0","0","0","0","0","-","0","0","0","0","0","0","0","0","0","0","0","0","0","0","0","0","0","0","0","0","0","0","0","0","0","0","0","0","0","0","0","0","0","0","0","0","0","0","0","0"
"0xd372338e0","      NOP","0","0","0","0","0","0","0","0","0","0","0","-","-","-","0","0","0","0","0","0","0","0","-","0","0","0","0","0","0","0","0","0","0","0","0","0","0","0","0","0","0","0","0","0","0","0","0","0","0","0","0","0","0","0","0","0","0","0","0","0","0","0","0"
"0xd372338f0","      NOP","0","0","0","0","0","0","0","0","0","0","0","-","-","-","0","0","0","0","0","0","0","0","-","0","0","0","0","0","0","0","0","0","0","0","0","0","0","0","0","0","0","0","0","0","0","0","0","0","0","0","0","0","0","0","0","0","0","0","0","0","0","0","0"
